-- Up
CREATE TABLE dvorana
( id INTEGER PRIMARY KEY
  , oznDvorana TEXT NOT NULL UNIQUE
  , kapacitet INTEGER NOT NULL DEFAULT 40
) ;

CREATE TABLE zupanija
( id INTEGER PRIMARY KEY
  , sifZupanija INTEGER NOT NULL UNIQUE
  , nazZupanija TEXT NOT NULL
) ;

CREATE TABLE mjesto
( id INTEGER PRIMARY KEY
  , pbr INTEGER NOT NULL UNIQUE
  , nazMjesto TEXT NOT NULL
  , sifZupanija INTEGER NOT NULL
  , FOREIGN KEY (sifZupanija) REFERENCES zupanija(sifZupanija)
) ;

CREATE TABLE stud
( id INTEGER PRIMARY KEY
  , mbrStud INTEGER NOT NULL UNIQUE
  , imeStud TEXT NOT NULL
  , prezStud TEXT NOT NULL
  , pbrRod INTEGER NOT NULL
  , pbrStan INTEGER NOT NULL
  , datRodStud TEXT NOT NULL CHECK (date(datRodStud) IS NOT NULL)
  , jmbgStud TEXT NOT NULL
  , FOREIGN KEY (pbrRod) REFERENCES mjesto(pbr)
  , FOREIGN KEY (pbrStan) REFERENCES mjesto(pbr)
) ;

CREATE TABLE orgJed
( id INTEGER PRIMARY KEY
  , sifOrgJed INTEGER NOT NULL UNIQUE
  , nazOrgJed TEXT NOT NULL
  , sifNadOrgJed INTEGER NOT NULL
  , FOREIGN KEY (sifNadOrgJed) REFERENCES orgJed(sifOrgJed)
) ;

CREATE TABLE pred
( id INTEGER PRIMARY KEY
  , sifPred INTEGER NOT NULL UNIQUE
  , kratPred TEXT NOT NULL
  , nazPred TEXT NOT NULL
  , sifOrgjed INTEGER NOT NULL
  , upisanoStud INTEGER NOT NULL
  , brojSatiTjedno INTEGER NOT NULL
  , FOREIGN KEY (sifOrgJed) REFERENCES orgJed(sifOrgJed)
) ;

CREATE TABLE nastavnik
( id INTEGER PRIMARY KEY
  , sifNastavnik INTEGER NOT NULL UNIQUE
  , imeNastavnik TEXT NOT NULL
  , prezNastavnik TEXT NOT NULL
  , pbrStan INTEGER NOT NULL
  , sifOrgjed INTEGER NOT NULL
  , koef REAL NOT NULL
  , FOREIGN KEY (pbrStan) REFERENCES mjesto(pbr)
  , FOREIGN KEY (sifOrgJed) REFERENCES orgJed(sifOrgJed)
) ;

CREATE TABLE ispit
( id INTEGER PRIMARY KEY
  , mbrStud INTEGER NOT NULL
  , sifPred INTEGER NOT NULL
  , sifNastavnik INTEGER NOT NULL
  , datIspit TEXT NOT NULL CHECK (date(datIspit) IS NOT NULL)
  , ocjena INTEGER NOT NULL DEFAULT 1
  , UNIQUE (mbrStud, sifPred, datIspit)
  , FOREIGN KEY (mbrStud) REFERENCES stud(mbrStud)
  , FOREIGN KEY (sifPred) REFERENCES pred(sifPred)
  , FOREIGN KEY (sifNastavnik) REFERENCES nastavnik(sifNastavnik)
) ;

CREATE TABLE rezervacija
( id INTEGER PRIMARY KEY
  , oznDvorana TEXT NOT NULL
  , oznVrstaDan TEXT NOT NULL
  , sat INTEGER NOT NULL
  , sifPred INTEGER NOT NULL
  , UNIQUE (oznDvorana, oznVrstaDan, sat)
  , FOREIGN KEY (oznDvorana) REFERENCES dvorana(oznDvorana)
  , FOREIGN KEY (sifPred) REFERENCES pred(sifPred)
) ;


Insert into DVORANA (OZNDVORANA,KAPACITET) values ('A101',39);
Insert into DVORANA (OZNDVORANA,KAPACITET) values ('A102',40);
Insert into DVORANA (OZNDVORANA,KAPACITET) values ('A104',20);
Insert into DVORANA (OZNDVORANA,KAPACITET) values ('A105',16);
Insert into DVORANA (OZNDVORANA,KAPACITET) values ('A111',40);
Insert into DVORANA (OZNDVORANA,KAPACITET) values ('A201',40);
Insert into DVORANA (OZNDVORANA,KAPACITET) values ('A202',39);
Insert into DVORANA (OZNDVORANA,KAPACITET) values ('A204',20);
Insert into DVORANA (OZNDVORANA,KAPACITET) values ('A205',20);
Insert into DVORANA (OZNDVORANA,KAPACITET) values ('A209',35);
Insert into DVORANA (OZNDVORANA,KAPACITET) values ('A210',35);
Insert into DVORANA (OZNDVORANA,KAPACITET) values ('A211',39);
Insert into DVORANA (OZNDVORANA,KAPACITET) values ('B1',64);
Insert into DVORANA (OZNDVORANA,KAPACITET) values ('B4',64);
Insert into DVORANA (OZNDVORANA,KAPACITET) values ('A310',20);
Insert into DVORANA (OZNDVORANA,KAPACITET) values ('A311',20);
Insert into DVORANA (OZNDVORANA,KAPACITET) values ('B2',30);
Insert into DVORANA (OZNDVORANA,KAPACITET) values ('B3',30);
Insert into DVORANA (OZNDVORANA,KAPACITET) values ('A309',22);
Insert into DVORANA (OZNDVORANA,KAPACITET) values ('A312',20);
Insert into DVORANA (OZNDVORANA,KAPACITET) values ('A301',18);
Insert into DVORANA (OZNDVORANA,KAPACITET) values ('A302',18);
Insert into DVORANA (OZNDVORANA,KAPACITET) values ('A304',15);
Insert into DVORANA (OZNDVORANA,KAPACITET) values ('A001',24);
Insert into DVORANA (OZNDVORANA,KAPACITET) values ('A002',10);


Insert into ZUPANIJA (SIFZUPANIJA,NAZZUPANIJA) values (0,'Nepoznata županija');
Insert into ZUPANIJA (SIFZUPANIJA,NAZZUPANIJA) values (1,'Zagrebačka');
Insert into ZUPANIJA (SIFZUPANIJA,NAZZUPANIJA) values (2,'Krapinsko-zagorska');
Insert into ZUPANIJA (SIFZUPANIJA,NAZZUPANIJA) values (3,'Sisačko-moslavačka');
Insert into ZUPANIJA (SIFZUPANIJA,NAZZUPANIJA) values (4,'Karlovačka');
Insert into ZUPANIJA (SIFZUPANIJA,NAZZUPANIJA) values (5,'Varaždinska');
Insert into ZUPANIJA (SIFZUPANIJA,NAZZUPANIJA) values (6,'Koprivničko-križevačka');
Insert into ZUPANIJA (SIFZUPANIJA,NAZZUPANIJA) values (7,'Bjelovarsko-bilogorska');
Insert into ZUPANIJA (SIFZUPANIJA,NAZZUPANIJA) values (8,'Primorsko-goranska');
Insert into ZUPANIJA (SIFZUPANIJA,NAZZUPANIJA) values (9,'Ličko-senjska');
Insert into ZUPANIJA (SIFZUPANIJA,NAZZUPANIJA) values (10,'Virovitičko-podravska');
Insert into ZUPANIJA (SIFZUPANIJA,NAZZUPANIJA) values (11,'Požeško-slavonska');
Insert into ZUPANIJA (SIFZUPANIJA,NAZZUPANIJA) values (12,'Brodsko-posavska');
Insert into ZUPANIJA (SIFZUPANIJA,NAZZUPANIJA) values (13,'Zadarska');
Insert into ZUPANIJA (SIFZUPANIJA,NAZZUPANIJA) values (14,'Osječko-baranjska');
Insert into ZUPANIJA (SIFZUPANIJA,NAZZUPANIJA) values (15,'Šibensko-kninska');
Insert into ZUPANIJA (SIFZUPANIJA,NAZZUPANIJA) values (16,'Vukovarsko-srijemska');
Insert into ZUPANIJA (SIFZUPANIJA,NAZZUPANIJA) values (17,'Splitsko-dalmatinska');
Insert into ZUPANIJA (SIFZUPANIJA,NAZZUPANIJA) values (18,'Istarska');
Insert into ZUPANIJA (SIFZUPANIJA,NAZZUPANIJA) values (19,'Dubrovačko-neretvanska');
Insert into ZUPANIJA (SIFZUPANIJA,NAZZUPANIJA) values (20,'Međimurska');
Insert into ZUPANIJA (SIFZUPANIJA,NAZZUPANIJA) values (21,'Grad Zagreb');


Insert into MJESTO (PBR,NAZMJESTO,SIFZUPANIJA) values (43500,'Daruvar',7);
Insert into MJESTO (PBR,NAZMJESTO,SIFZUPANIJA) values (43531,'Veliki Bastaji',7);
Insert into MJESTO (PBR,NAZMJESTO,SIFZUPANIJA) values (44000,'Sisak',3);
Insert into MJESTO (PBR,NAZMJESTO,SIFZUPANIJA) values (44271,'Letovanić',3);
Insert into MJESTO (PBR,NAZMJESTO,SIFZUPANIJA) values (44320,'Kutina',3);
Insert into MJESTO (PBR,NAZMJESTO,SIFZUPANIJA) values (44330,'Novska',3);
Insert into MJESTO (PBR,NAZMJESTO,SIFZUPANIJA) values (44400,'Glina',3);
Insert into MJESTO (PBR,NAZMJESTO,SIFZUPANIJA) values (44410,'Gvozd',3);
Insert into MJESTO (PBR,NAZMJESTO,SIFZUPANIJA) values (47000,'Karlovac',4);
Insert into MJESTO (PBR,NAZMJESTO,SIFZUPANIJA) values (47201,'Draganići',4);
Insert into MJESTO (PBR,NAZMJESTO,SIFZUPANIJA) values (47220,'Vojnić',4);
Insert into MJESTO (PBR,NAZMJESTO,SIFZUPANIJA) values (47240,'Slunj',4);
Insert into MJESTO (PBR,NAZMJESTO,SIFZUPANIJA) values (47251,'Bosiljevo',4);
Insert into MJESTO (PBR,NAZMJESTO,SIFZUPANIJA) values (47300,'Ogulin',4);
Insert into MJESTO (PBR,NAZMJESTO,SIFZUPANIJA) values (47302,'Oštarije',4);
Insert into MJESTO (PBR,NAZMJESTO,SIFZUPANIJA) values (48000,'Koprivnica',6);
Insert into MJESTO (PBR,NAZMJESTO,SIFZUPANIJA) values (48260,'Križevci',6);
Insert into MJESTO (PBR,NAZMJESTO,SIFZUPANIJA) values (49000,'Krapina',2);
Insert into MJESTO (PBR,NAZMJESTO,SIFZUPANIJA) values (10000,'Zagreb',21);
Insert into MJESTO (PBR,NAZMJESTO,SIFZUPANIJA) values (10010,'Zagreb-Sloboština',21);
Insert into MJESTO (PBR,NAZMJESTO,SIFZUPANIJA) values (10090,'Zagreb-Susedgrad',21);
Insert into MJESTO (PBR,NAZMJESTO,SIFZUPANIJA) values (10360,'Sesvete',1);
Insert into MJESTO (PBR,NAZMJESTO,SIFZUPANIJA) values (10370,'Dugo Selo',1);
Insert into MJESTO (PBR,NAZMJESTO,SIFZUPANIJA) values (10380,'Sveti Ivan Zelina',21);
Insert into MJESTO (PBR,NAZMJESTO,SIFZUPANIJA) values (10430,'Samobor',1);
Insert into MJESTO (PBR,NAZMJESTO,SIFZUPANIJA) values (10450,'Jastrebarsko',1);
Insert into MJESTO (PBR,NAZMJESTO,SIFZUPANIJA) values (20000,'Dubrovnik',19);
Insert into MJESTO (PBR,NAZMJESTO,SIFZUPANIJA) values (20210,'Cavtat',19);
Insert into MJESTO (PBR,NAZMJESTO,SIFZUPANIJA) values (20230,'Ston',19);
Insert into MJESTO (PBR,NAZMJESTO,SIFZUPANIJA) values (20242,'Oskorušno',19);
Insert into MJESTO (PBR,NAZMJESTO,SIFZUPANIJA) values (20250,'Orebić',19);
Insert into MJESTO (PBR,NAZMJESTO,SIFZUPANIJA) values (20270,'Vela Luka',19);
Insert into MJESTO (PBR,NAZMJESTO,SIFZUPANIJA) values (20340,'Ploče',19);
Insert into MJESTO (PBR,NAZMJESTO,SIFZUPANIJA) values (21000,'Split',17);
Insert into MJESTO (PBR,NAZMJESTO,SIFZUPANIJA) values (21210,'Solin',17);
Insert into MJESTO (PBR,NAZMJESTO,SIFZUPANIJA) values (21232,'Dicmo',17);
Insert into MJESTO (PBR,NAZMJESTO,SIFZUPANIJA) values (21240,'Trilj',17);
Insert into MJESTO (PBR,NAZMJESTO,SIFZUPANIJA) values (21270,'Zagvozd',17);
Insert into MJESTO (PBR,NAZMJESTO,SIFZUPANIJA) values (21310,'Omiš',17);
Insert into MJESTO (PBR,NAZMJESTO,SIFZUPANIJA) values (21400,'Supetar',17);
Insert into MJESTO (PBR,NAZMJESTO,SIFZUPANIJA) values (21420,'Bol',17);
Insert into MJESTO (PBR,NAZMJESTO,SIFZUPANIJA) values (21450,'Hvar',17);
Insert into MJESTO (PBR,NAZMJESTO,SIFZUPANIJA) values (22000,'Šibenik',15);
Insert into MJESTO (PBR,NAZMJESTO,SIFZUPANIJA) values (22010,'Šibenik-Brodarica',15);
Insert into MJESTO (PBR,NAZMJESTO,SIFZUPANIJA) values (22020,'Šibenik-Ražine',15);
Insert into MJESTO (PBR,NAZMJESTO,SIFZUPANIJA) values (23210,'Biograd na moru',13);
Insert into MJESTO (PBR,NAZMJESTO,SIFZUPANIJA) values (23250,'Pag',13);
Insert into MJESTO (PBR,NAZMJESTO,SIFZUPANIJA) values (23420,'Benkovac',13);
Insert into MJESTO (PBR,NAZMJESTO,SIFZUPANIJA) values (31000,'Osijek',14);
Insert into MJESTO (PBR,NAZMJESTO,SIFZUPANIJA) values (31300,'Beli Manastir',14);
Insert into MJESTO (PBR,NAZMJESTO,SIFZUPANIJA) values (31301,'Branjin Vrh',14);
Insert into MJESTO (PBR,NAZMJESTO,SIFZUPANIJA) values (31410,'Strizivojna',14);
Insert into MJESTO (PBR,NAZMJESTO,SIFZUPANIJA) values (31500,'Našice',14);
Insert into MJESTO (PBR,NAZMJESTO,SIFZUPANIJA) values (31530,'Podravska Moslavina',14);
Insert into MJESTO (PBR,NAZMJESTO,SIFZUPANIJA) values (31531,'Viljevo',14);
Insert into MJESTO (PBR,NAZMJESTO,SIFZUPANIJA) values (31550,'Valpovo',14);
Insert into MJESTO (PBR,NAZMJESTO,SIFZUPANIJA) values (32000,'Vukovar',16);
Insert into MJESTO (PBR,NAZMJESTO,SIFZUPANIJA) values (32100,'Vinkovci',16);
Insert into MJESTO (PBR,NAZMJESTO,SIFZUPANIJA) values (32240,'Mirkovci',16);
Insert into MJESTO (PBR,NAZMJESTO,SIFZUPANIJA) values (32280,'Jarmina',16);
Insert into MJESTO (PBR,NAZMJESTO,SIFZUPANIJA) values (33000,'Virovitica',10);
Insert into MJESTO (PBR,NAZMJESTO,SIFZUPANIJA) values (33520,'Slatina',10);
Insert into MJESTO (PBR,NAZMJESTO,SIFZUPANIJA) values (34000,'Požega',11);
Insert into MJESTO (PBR,NAZMJESTO,SIFZUPANIJA) values (34310,'Pleternica',11);
Insert into MJESTO (PBR,NAZMJESTO,SIFZUPANIJA) values (34330,'Velika',11);
Insert into MJESTO (PBR,NAZMJESTO,SIFZUPANIJA) values (34340,'Kutjevo',11);
Insert into MJESTO (PBR,NAZMJESTO,SIFZUPANIJA) values (34550,'Pakrac',11);
Insert into MJESTO (PBR,NAZMJESTO,SIFZUPANIJA) values (35000,'Slavonski Brod',12);
Insert into MJESTO (PBR,NAZMJESTO,SIFZUPANIJA) values (35210,'Vrpolje',12);
Insert into MJESTO (PBR,NAZMJESTO,SIFZUPANIJA) values (35220,'Slavonski Šamac',12);
Insert into MJESTO (PBR,NAZMJESTO,SIFZUPANIJA) values (35250,'Oriovac',12);
Insert into MJESTO (PBR,NAZMJESTO,SIFZUPANIJA) values (35420,'Staro Petrovo Selo',12);
Insert into MJESTO (PBR,NAZMJESTO,SIFZUPANIJA) values (40000,'Čakovec',20);
Insert into MJESTO (PBR,NAZMJESTO,SIFZUPANIJA) values (40320,'Donji Kraljevec',20);
Insert into MJESTO (PBR,NAZMJESTO,SIFZUPANIJA) values (42000,'Varaždin',5);
Insert into MJESTO (PBR,NAZMJESTO,SIFZUPANIJA) values (42240,'Ivanec',5);
Insert into MJESTO (PBR,NAZMJESTO,SIFZUPANIJA) values (42250,'Lepoglava',5);
Insert into MJESTO (PBR,NAZMJESTO,SIFZUPANIJA) values (43000,'Bjelovar',7);
Insert into MJESTO (PBR,NAZMJESTO,SIFZUPANIJA) values (43271,'Velika Pisanica',7);
Insert into MJESTO (PBR,NAZMJESTO,SIFZUPANIJA) values (43280,'Garešnica',7);
Insert into MJESTO (PBR,NAZMJESTO,SIFZUPANIJA) values (43290,'Grubišno Polje',7);
Insert into MJESTO (PBR,NAZMJESTO,SIFZUPANIJA) values (49210,'Zabok',2);
Insert into MJESTO (PBR,NAZMJESTO,SIFZUPANIJA) values (49250,'Zlatar',2);
Insert into MJESTO (PBR,NAZMJESTO,SIFZUPANIJA) values (51000,'Rijeka',8);
Insert into MJESTO (PBR,NAZMJESTO,SIFZUPANIJA) values (51211,'Matulji',8);
Insert into MJESTO (PBR,NAZMJESTO,SIFZUPANIJA) values (51251,'Ledenice',8);
Insert into MJESTO (PBR,NAZMJESTO,SIFZUPANIJA) values (51280,'Rab',8);
Insert into MJESTO (PBR,NAZMJESTO,SIFZUPANIJA) values (51410,'Opatija',8);
Insert into MJESTO (PBR,NAZMJESTO,SIFZUPANIJA) values (51550,'Mali Lošinj',8);
Insert into MJESTO (PBR,NAZMJESTO,SIFZUPANIJA) values (52000,'Pazin',18);
Insert into MJESTO (PBR,NAZMJESTO,SIFZUPANIJA) values (52100,'Pula',18);
Insert into MJESTO (PBR,NAZMJESTO,SIFZUPANIJA) values (52420,'Buzet',18);
Insert into MJESTO (PBR,NAZMJESTO,SIFZUPANIJA) values (53000,'Gospić',9);
Insert into MJESTO (PBR,NAZMJESTO,SIFZUPANIJA) values (53230,'Korenica',9);
Insert into MJESTO (PBR,NAZMJESTO,SIFZUPANIJA) values (53250,'Donji Lapac',9);
Insert into MJESTO (PBR,NAZMJESTO,SIFZUPANIJA) values (10020,'Zagreb-Novi Zagreb',21);
Insert into MJESTO (PBR,NAZMJESTO,SIFZUPANIJA) values (10040,'Zagreb-Dubrava',21);
Insert into MJESTO (PBR,NAZMJESTO,SIFZUPANIJA) values (10250,'Lučko',1);
Insert into MJESTO (PBR,NAZMJESTO,SIFZUPANIJA) values (10255,'Gornji Stupnik',1);
Insert into MJESTO (PBR,NAZMJESTO,SIFZUPANIJA) values (10290,'Zaprešić',1);
Insert into MJESTO (PBR,NAZMJESTO,SIFZUPANIJA) values (10295,'Kupljenovo',1);
Insert into MJESTO (PBR,NAZMJESTO,SIFZUPANIJA) values (10310,'Ivanić-Grad',1);
Insert into MJESTO (PBR,NAZMJESTO,SIFZUPANIJA) values (10315,'Novoselec',1);
Insert into MJESTO (PBR,NAZMJESTO,SIFZUPANIJA) values (10340,'Vrbovec',1);
Insert into MJESTO (PBR,NAZMJESTO,SIFZUPANIJA) values (10345,'Gradec',1);
Insert into MJESTO (PBR,NAZMJESTO,SIFZUPANIJA) values (10410,'Velika Gorica',1);
Insert into MJESTO (PBR,NAZMJESTO,SIFZUPANIJA) values (10415,'Novo Čiče',1);
Insert into MJESTO (PBR,NAZMJESTO,SIFZUPANIJA) values (10435,'Sveti Martin pod Okićem',1);
Insert into MJESTO (PBR,NAZMJESTO,SIFZUPANIJA) values (10455,'Kostanjevac',1);
Insert into MJESTO (PBR,NAZMJESTO,SIFZUPANIJA) values (20205,'Topolo',19);
Insert into MJESTO (PBR,NAZMJESTO,SIFZUPANIJA) values (20215,'Gruda',19);
Insert into MJESTO (PBR,NAZMJESTO,SIFZUPANIJA) values (20225,'Babino Polje',19);
Insert into MJESTO (PBR,NAZMJESTO,SIFZUPANIJA) values (20235,'Zaton Veliki',19);
Insert into MJESTO (PBR,NAZMJESTO,SIFZUPANIJA) values (20240,'Trpanj',19);
Insert into MJESTO (PBR,NAZMJESTO,SIFZUPANIJA) values (20245,'Trstenik',19);
Insert into MJESTO (PBR,NAZMJESTO,SIFZUPANIJA) values (20260,'Korčula',19);
Insert into MJESTO (PBR,NAZMJESTO,SIFZUPANIJA) values (20275,'Žrnovo',19);
Insert into MJESTO (PBR,NAZMJESTO,SIFZUPANIJA) values (20290,'Lastovo',19);
Insert into MJESTO (PBR,NAZMJESTO,SIFZUPANIJA) values (20345,'Staševica',19);
Insert into MJESTO (PBR,NAZMJESTO,SIFZUPANIJA) values (20350,'Metković',19);
Insert into MJESTO (PBR,NAZMJESTO,SIFZUPANIJA) values (20355,'Opuzen',19);
Insert into MJESTO (PBR,NAZMJESTO,SIFZUPANIJA) values (21205,'Donji Dolac',17);
Insert into MJESTO (PBR,NAZMJESTO,SIFZUPANIJA) values (21215,'Kaštel Lukšić',17);
Insert into MJESTO (PBR,NAZMJESTO,SIFZUPANIJA) values (21220,'Trogir',17);
Insert into MJESTO (PBR,NAZMJESTO,SIFZUPANIJA) values (21225,'Drvenik Veliki',17);
Insert into MJESTO (PBR,NAZMJESTO,SIFZUPANIJA) values (21230,'Sinj',17);
Insert into MJESTO (PBR,NAZMJESTO,SIFZUPANIJA) values (21235,'Otišić',17);
Insert into MJESTO (PBR,NAZMJESTO,SIFZUPANIJA) values (21245,'Tijarica',17);
Insert into MJESTO (PBR,NAZMJESTO,SIFZUPANIJA) values (21250,'Šestanovac',17);
Insert into MJESTO (PBR,NAZMJESTO,SIFZUPANIJA) values (21255,'Zadvarje',17);
Insert into MJESTO (PBR,NAZMJESTO,SIFZUPANIJA) values (21260,'Imotski',17);
Insert into MJESTO (PBR,NAZMJESTO,SIFZUPANIJA) values (21265,'Studenci',17);
Insert into MJESTO (PBR,NAZMJESTO,SIFZUPANIJA) values (21275,'Dragljane',17);
Insert into MJESTO (PBR,NAZMJESTO,SIFZUPANIJA) values (21300,'Makarska',17);
Insert into MJESTO (PBR,NAZMJESTO,SIFZUPANIJA) values (21315,'Dugi Rat',17);
Insert into MJESTO (PBR,NAZMJESTO,SIFZUPANIJA) values (21320,'Baška Voda',17);
Insert into MJESTO (PBR,NAZMJESTO,SIFZUPANIJA) values (21325,'Tučepi',17);
Insert into MJESTO (PBR,NAZMJESTO,SIFZUPANIJA) values (21330,'Gradac',17);
Insert into MJESTO (PBR,NAZMJESTO,SIFZUPANIJA) values (21335,'Podaca',17);
Insert into MJESTO (PBR,NAZMJESTO,SIFZUPANIJA) values (21405,'Milna',17);
Insert into MJESTO (PBR,NAZMJESTO,SIFZUPANIJA) values (21410,'Postira',17);
Insert into MJESTO (PBR,NAZMJESTO,SIFZUPANIJA) values (21425,'Selca',17);
Insert into MJESTO (PBR,NAZMJESTO,SIFZUPANIJA) values (21430,'Grohote',17);
Insert into MJESTO (PBR,NAZMJESTO,SIFZUPANIJA) values (21460,'Stari Grad',17);
Insert into MJESTO (PBR,NAZMJESTO,SIFZUPANIJA) values (21465,'Jelsa',17);
Insert into MJESTO (PBR,NAZMJESTO,SIFZUPANIJA) values (21480,'Vis',17);
Insert into MJESTO (PBR,NAZMJESTO,SIFZUPANIJA) values (21485,'Komiža',17);
Insert into MJESTO (PBR,NAZMJESTO,SIFZUPANIJA) values (22030,'Šibenik-Zablaće',15);
Insert into MJESTO (PBR,NAZMJESTO,SIFZUPANIJA) values (22205,'Perković',15);
Insert into MJESTO (PBR,NAZMJESTO,SIFZUPANIJA) values (22215,'Zaton',15);
Insert into MJESTO (PBR,NAZMJESTO,SIFZUPANIJA) values (22235,'Kaprije',15);
Insert into MJESTO (PBR,NAZMJESTO,SIFZUPANIJA) values (22240,'Tisno',15);
Insert into MJESTO (PBR,NAZMJESTO,SIFZUPANIJA) values (22320,'Drniš',15);
Insert into MJESTO (PBR,NAZMJESTO,SIFZUPANIJA) values (23000,'Zadar',13);
Insert into MJESTO (PBR,NAZMJESTO,SIFZUPANIJA) values (23205,'Bibinje',13);
Insert into MJESTO (PBR,NAZMJESTO,SIFZUPANIJA) values (23235,'Vrsi',13);
Insert into MJESTO (PBR,NAZMJESTO,SIFZUPANIJA) values (23245,'Tribanj',13);
Insert into MJESTO (PBR,NAZMJESTO,SIFZUPANIJA) values (23275,'Ugljan',13);
Insert into MJESTO (PBR,NAZMJESTO,SIFZUPANIJA) values (23285,'Brbinj',13);
Insert into MJESTO (PBR,NAZMJESTO,SIFZUPANIJA) values (23295,'Silba',13);
Insert into MJESTO (PBR,NAZMJESTO,SIFZUPANIJA) values (23440,'Gračac',13);
Insert into MJESTO (PBR,NAZMJESTO,SIFZUPANIJA) values (23445,'Srb',13);
Insert into MJESTO (PBR,NAZMJESTO,SIFZUPANIJA) values (23450,'Obrovac',13);
Insert into MJESTO (PBR,NAZMJESTO,SIFZUPANIJA) values (31205,'Aljmaš',14);
Insert into MJESTO (PBR,NAZMJESTO,SIFZUPANIJA) values (31215,'Ernestinovo',14);
Insert into MJESTO (PBR,NAZMJESTO,SIFZUPANIJA) values (31225,'Breznica Našička',14);
Insert into MJESTO (PBR,NAZMJESTO,SIFZUPANIJA) values (31305,'Draž',14);
Insert into MJESTO (PBR,NAZMJESTO,SIFZUPANIJA) values (31315,'Karanac',14);
Insert into MJESTO (PBR,NAZMJESTO,SIFZUPANIJA) values (31325,'Čeminac',14);
Insert into MJESTO (PBR,NAZMJESTO,SIFZUPANIJA) values (31400,'Đakovo',14);
Insert into MJESTO (PBR,NAZMJESTO,SIFZUPANIJA) values (31415,'Selci Đakovački',14);
Insert into MJESTO (PBR,NAZMJESTO,SIFZUPANIJA) values (31540,'Donji Miholjac',14);
Insert into MJESTO (PBR,NAZMJESTO,SIFZUPANIJA) values (31555,'Marijanci',14);
Insert into MJESTO (PBR,NAZMJESTO,SIFZUPANIJA) values (32225,'Bobota',16);
Insert into MJESTO (PBR,NAZMJESTO,SIFZUPANIJA) values (32235,'Bapska',16);
Insert into MJESTO (PBR,NAZMJESTO,SIFZUPANIJA) values (32245,'Nijemci',16);
Insert into MJESTO (PBR,NAZMJESTO,SIFZUPANIJA) values (32255,'Soljani',16);
Insert into MJESTO (PBR,NAZMJESTO,SIFZUPANIJA) values (32260,'Gunja',16);
Insert into MJESTO (PBR,NAZMJESTO,SIFZUPANIJA) values (32270,'Županja',16);
Insert into MJESTO (PBR,NAZMJESTO,SIFZUPANIJA) values (32275,'Bošnjaci',16);
Insert into MJESTO (PBR,NAZMJESTO,SIFZUPANIJA) values (33405,'Pitomača',10);
Insert into MJESTO (PBR,NAZMJESTO,SIFZUPANIJA) values (33410,'Suhopolje',10);
Insert into MJESTO (PBR,NAZMJESTO,SIFZUPANIJA) values (33515,'Orahovica',10);
Insert into MJESTO (PBR,NAZMJESTO,SIFZUPANIJA) values (33525,'Sopje',10);
Insert into MJESTO (PBR,NAZMJESTO,SIFZUPANIJA) values (34315,'Ratkovica',11);
Insert into MJESTO (PBR,NAZMJESTO,SIFZUPANIJA) values (34320,'Orljavac',11);
Insert into MJESTO (PBR,NAZMJESTO,SIFZUPANIJA) values (34335,'Vetovo',11);
Insert into MJESTO (PBR,NAZMJESTO,SIFZUPANIJA) values (34350,'Čaglin',11);
Insert into MJESTO (PBR,NAZMJESTO,SIFZUPANIJA) values (35215,'Svilaj',12);
Insert into MJESTO (PBR,NAZMJESTO,SIFZUPANIJA) values (35255,'Slavonski Kobaš',12);
Insert into MJESTO (PBR,NAZMJESTO,SIFZUPANIJA) values (35400,'Nova Gradiška',12);
Insert into MJESTO (PBR,NAZMJESTO,SIFZUPANIJA) values (35425,'Davor',12);
Insert into MJESTO (PBR,NAZMJESTO,SIFZUPANIJA) values (35430,'Okučani',12);
Insert into MJESTO (PBR,NAZMJESTO,SIFZUPANIJA) values (35435,'Stara Gradiška',12);
Insert into MJESTO (PBR,NAZMJESTO,SIFZUPANIJA) values (40305,'Nedelišče',20);
Insert into MJESTO (PBR,NAZMJESTO,SIFZUPANIJA) values (40315,'Mursko Središče',20);
Insert into MJESTO (PBR,NAZMJESTO,SIFZUPANIJA) values (40325,'Draškovec',20);
Insert into MJESTO (PBR,NAZMJESTO,SIFZUPANIJA) values (42205,'Vidovec',5);
Insert into MJESTO (PBR,NAZMJESTO,SIFZUPANIJA) values (42220,'Novi Marof',5);
Insert into MJESTO (PBR,NAZMJESTO,SIFZUPANIJA) values (42225,'Breznički Hum',5);
Insert into MJESTO (PBR,NAZMJESTO,SIFZUPANIJA) values (42230,'Ludbreg',5);
Insert into MJESTO (PBR,NAZMJESTO,SIFZUPANIJA) values (42245,'Donja Voća',5);
Insert into MJESTO (PBR,NAZMJESTO,SIFZUPANIJA) values (42255,'Donja Višnjica',5);
Insert into MJESTO (PBR,NAZMJESTO,SIFZUPANIJA) values (43240,'Čazma',7);
Insert into MJESTO (PBR,NAZMJESTO,SIFZUPANIJA) values (43245,'Gornji Draganec',7);
Insert into MJESTO (PBR,NAZMJESTO,SIFZUPANIJA) values (43270,'Veliki Grđevac',7);
Insert into MJESTO (PBR,NAZMJESTO,SIFZUPANIJA) values (43285,'Velika Trnovitica',7);
Insert into MJESTO (PBR,NAZMJESTO,SIFZUPANIJA) values (43505,'Končanica',7);
Insert into MJESTO (PBR,NAZMJESTO,SIFZUPANIJA) values (44205,'Donja Bačuga',3);
Insert into MJESTO (PBR,NAZMJESTO,SIFZUPANIJA) values (44210,'Sunja',3);
Insert into MJESTO (PBR,NAZMJESTO,SIFZUPANIJA) values (44250,'Petrinja',3);
Insert into MJESTO (PBR,NAZMJESTO,SIFZUPANIJA) values (44325,'Krapje',3);
Insert into MJESTO (PBR,NAZMJESTO,SIFZUPANIJA) values (44405,'Mali Gradac',3);
Insert into MJESTO (PBR,NAZMJESTO,SIFZUPANIJA) values (44415,'Topusko',3);
Insert into MJESTO (PBR,NAZMJESTO,SIFZUPANIJA) values (44425,'Gornja Bučica',3);
Insert into MJESTO (PBR,NAZMJESTO,SIFZUPANIJA) values (44430,'Hrvatska Kostajnica',3);
Insert into MJESTO (PBR,NAZMJESTO,SIFZUPANIJA) values (44435,'Divuša',3);
Insert into MJESTO (PBR,NAZMJESTO,SIFZUPANIJA) values (44440,'Dvor',3);
Insert into MJESTO (PBR,NAZMJESTO,SIFZUPANIJA) values (44450,'Hrvatska Dubica',3);
Insert into MJESTO (PBR,NAZMJESTO,SIFZUPANIJA) values (47205,'Vukmanić',4);
Insert into MJESTO (PBR,NAZMJESTO,SIFZUPANIJA) values (47245,'Rakovica',4);
Insert into MJESTO (PBR,NAZMJESTO,SIFZUPANIJA) values (47250,'Duga Resa',4);
Insert into MJESTO (PBR,NAZMJESTO,SIFZUPANIJA) values (47280,'Ozalj',4);
Insert into MJESTO (PBR,NAZMJESTO,SIFZUPANIJA) values (47305,'Lička Jesenica',4);
Insert into MJESTO (PBR,NAZMJESTO,SIFZUPANIJA) values (48265,'Raven',6);
Insert into MJESTO (PBR,NAZMJESTO,SIFZUPANIJA) values (48305,'Reka',6);
Insert into MJESTO (PBR,NAZMJESTO,SIFZUPANIJA) values (48325,'Novigrad Podravski',6);
Insert into MJESTO (PBR,NAZMJESTO,SIFZUPANIJA) values (48350,'Đurđevac',6);
Insert into MJESTO (PBR,NAZMJESTO,SIFZUPANIJA) values (48355,'Novo Virje',6);
Insert into MJESTO (PBR,NAZMJESTO,SIFZUPANIJA) values (49215,'Tuhelj',2);
Insert into MJESTO (PBR,NAZMJESTO,SIFZUPANIJA) values (49225,'Đurmanec',2);
Insert into MJESTO (PBR,NAZMJESTO,SIFZUPANIJA) values (49240,'Donja Stubica',2);
Insert into MJESTO (PBR,NAZMJESTO,SIFZUPANIJA) values (49245,'Gornja Stubica',2);
Insert into MJESTO (PBR,NAZMJESTO,SIFZUPANIJA) values (49255,'Novi Golubovec',2);
Insert into MJESTO (PBR,NAZMJESTO,SIFZUPANIJA) values (49290,'Klanjec',2);
Insert into MJESTO (PBR,NAZMJESTO,SIFZUPANIJA) values (49295,'Kumrovec',2);
Insert into MJESTO (PBR,NAZMJESTO,SIFZUPANIJA) values (51215,'Kastav',8);
Insert into MJESTO (PBR,NAZMJESTO,SIFZUPANIJA) values (51225,'Praputnjak',8);
Insert into MJESTO (PBR,NAZMJESTO,SIFZUPANIJA) values (51250,'Novi Vinodolski',8);
Insert into MJESTO (PBR,NAZMJESTO,SIFZUPANIJA) values (51260,'Crikvenica',8);
Insert into MJESTO (PBR,NAZMJESTO,SIFZUPANIJA) values (51265,'Dramalj',8);
Insert into MJESTO (PBR,NAZMJESTO,SIFZUPANIJA) values (51300,'Delnice',8);
Insert into MJESTO (PBR,NAZMJESTO,SIFZUPANIJA) values (51305,'Tršće',8);
Insert into MJESTO (PBR,NAZMJESTO,SIFZUPANIJA) values (51315,'Mrkopalj',8);
Insert into MJESTO (PBR,NAZMJESTO,SIFZUPANIJA) values (51325,'Moravice',8);
Insert into MJESTO (PBR,NAZMJESTO,SIFZUPANIJA) values (51415,'Lovran',8);
Insert into MJESTO (PBR,NAZMJESTO,SIFZUPANIJA) values (51500,'Krk',8);
Insert into MJESTO (PBR,NAZMJESTO,SIFZUPANIJA) values (51515,'Šilo',8);
Insert into MJESTO (PBR,NAZMJESTO,SIFZUPANIJA) values (51555,'Belej',8);
Insert into MJESTO (PBR,NAZMJESTO,SIFZUPANIJA) values (52210,'Rovinj (Rovigno)',18);
Insert into MJESTO (PBR,NAZMJESTO,SIFZUPANIJA) values (52215,'Vodnjan (Dignano)',18);
Insert into MJESTO (PBR,NAZMJESTO,SIFZUPANIJA) values (52220,'Labin',18);
Insert into MJESTO (PBR,NAZMJESTO,SIFZUPANIJA) values (52425,'Roč',18);
Insert into MJESTO (PBR,NAZMJESTO,SIFZUPANIJA) values (52440,'Poreč',18);
Insert into MJESTO (PBR,NAZMJESTO,SIFZUPANIJA) values (52445,'Baderna',18);
Insert into MJESTO (PBR,NAZMJESTO,SIFZUPANIJA) values (52450,'Vrsar',18);
Insert into MJESTO (PBR,NAZMJESTO,SIFZUPANIJA) values (52460,'Buje (Buie)',18);
Insert into MJESTO (PBR,NAZMJESTO,SIFZUPANIJA) values (52465,'Tar',18);
Insert into MJESTO (PBR,NAZMJESTO,SIFZUPANIJA) values (52470,'Umag (Umago)',18);
Insert into MJESTO (PBR,NAZMJESTO,SIFZUPANIJA) values (52475,'Savudrija (Salvore)',18);
Insert into MJESTO (PBR,NAZMJESTO,SIFZUPANIJA) values (53205,'Medak',9);
Insert into MJESTO (PBR,NAZMJESTO,SIFZUPANIJA) values (53220,'Otočac',9);
Insert into MJESTO (PBR,NAZMJESTO,SIFZUPANIJA) values (53225,'Švica',9);
Insert into MJESTO (PBR,NAZMJESTO,SIFZUPANIJA) values (53260,'Brinje',9);
Insert into MJESTO (PBR,NAZMJESTO,SIFZUPANIJA) values (53270,'Senj',9);
Insert into MJESTO (PBR,NAZMJESTO,SIFZUPANIJA) values (53285,'Lukovo',9);
Insert into MJESTO (PBR,NAZMJESTO,SIFZUPANIJA) values (31220,'Višnjevac',14);
Insert into MJESTO (PBR,NAZMJESTO,SIFZUPANIJA) values (47285,'Radatovići',4);
Insert into MJESTO (PBR,NAZMJESTO,SIFZUPANIJA) values (44010,'Sisak-Caprag',3);
Insert into MJESTO (PBR,NAZMJESTO,SIFZUPANIJA) values (53235,'Bunić',9);
Insert into MJESTO (PBR,NAZMJESTO,SIFZUPANIJA) values (22310,'Kijevo',15);
Insert into MJESTO (PBR,NAZMJESTO,SIFZUPANIJA) values (22305,'Kistanje',15);
Insert into MJESTO (PBR,NAZMJESTO,SIFZUPANIJA) values (22300,'Knin',15);


Insert into STUD (MBRSTUD,IMESTUD,PREZSTUD,PBRROD,PBRSTAN,DATRODSTUD,JMBGSTUD) values (1340,'Matej','Dukić',20230,10000,'1987-07-31','3107987361006');
Insert into STUD (MBRSTUD,IMESTUD,PREZSTUD,PBRROD,PBRSTAN,DATRODSTUD,JMBGSTUD) values (1341,'Sanja','Babić',21240,10000,'1987-06-26','2606987371019');
Insert into STUD (MBRSTUD,IMESTUD,PREZSTUD,PBRROD,PBRSTAN,DATRODSTUD,JMBGSTUD) values (1343,'Davorka','Kralj',31530,10000,'1986-01-02','0201986330031');
Insert into STUD (MBRSTUD,IMESTUD,PREZSTUD,PBRROD,PBRSTAN,DATRODSTUD,JMBGSTUD) values (1344,'Sven','Rac',34330,34330,'1986-12-23','2312986330145');
Insert into STUD (MBRSTUD,IMESTUD,PREZSTUD,PBRROD,PBRSTAN,DATRODSTUD,JMBGSTUD) values (1345,'Helena','Medved',43290,10000,'1986-12-08','0812986320027');
Insert into STUD (MBRSTUD,IMESTUD,PREZSTUD,PBRROD,PBRSTAN,DATRODSTUD,JMBGSTUD) values (1347,'Mateo','Maković',52100,52100,'1987-02-21','2102987363032');
Insert into STUD (MBRSTUD,IMESTUD,PREZSTUD,PBRROD,PBRSTAN,DATRODSTUD,JMBGSTUD) values (1348,'Silvana','Vrbanić',10370,10000,'1987-03-17','1703987110036');
Insert into STUD (MBRSTUD,IMESTUD,PREZSTUD,PBRROD,PBRSTAN,DATRODSTUD,JMBGSTUD) values (1349,'Šime','Kovačić',22010,10000,'1986-09-17','1709986302127');
Insert into STUD (MBRSTUD,IMESTUD,PREZSTUD,PBRROD,PBRSTAN,DATRODSTUD,JMBGSTUD) values (1351,'Želimir','Babić',42250,10000,'1987-01-31','3101987330149');
Insert into STUD (MBRSTUD,IMESTUD,PREZSTUD,PBRROD,PBRSTAN,DATRODSTUD,JMBGSTUD) values (1352,'Marko','Levačić',44410,10000,'1987-07-13','1307987388902');
Insert into STUD (MBRSTUD,IMESTUD,PREZSTUD,PBRROD,PBRSTAN,DATRODSTUD,JMBGSTUD) values (1353,'Slavica','Đurak',34330,10000,'1986-10-11','1110986363004');
Insert into STUD (MBRSTUD,IMESTUD,PREZSTUD,PBRROD,PBRSTAN,DATRODSTUD,JMBGSTUD) values (1355,'Ante','Budimir',51251,10000,'1987-02-27','2702987320023');
Insert into STUD (MBRSTUD,IMESTUD,PREZSTUD,PBRROD,PBRSTAN,DATRODSTUD,JMBGSTUD) values (1356,'Matija','Bujas',40000,40000,'1987-04-20','2004987391517');
Insert into STUD (MBRSTUD,IMESTUD,PREZSTUD,PBRROD,PBRSTAN,DATRODSTUD,JMBGSTUD) values (1357,'Nino','Barić',31000,31000,'1987-03-23','2303987381527');
Insert into STUD (MBRSTUD,IMESTUD,PREZSTUD,PBRROD,PBRSTAN,DATRODSTUD,JMBGSTUD) values (1364,'Antun','Ferenc',20000,10000,'1987-01-18','1801987302121');
Insert into STUD (MBRSTUD,IMESTUD,PREZSTUD,PBRROD,PBRSTAN,DATRODSTUD,JMBGSTUD) values (1365,'Anton','Bečić',21000,21000,'1987-05-09','0905987330025');
Insert into STUD (MBRSTUD,IMESTUD,PREZSTUD,PBRROD,PBRSTAN,DATRODSTUD,JMBGSTUD) values (1366,'Vinko','Kontak',10000,10000,'1987-04-07','0704987330095');
Insert into STUD (MBRSTUD,IMESTUD,PREZSTUD,PBRROD,PBRSTAN,DATRODSTUD,JMBGSTUD) values (1368,'Tea','Međimorec',10000,20000,'1986-07-15','1507986330129');
Insert into STUD (MBRSTUD,IMESTUD,PREZSTUD,PBRROD,PBRSTAN,DATRODSTUD,JMBGSTUD) values (1369,'Mato','Kobal',20000,10000,'1986-07-28','2807986383313');
Insert into STUD (MBRSTUD,IMESTUD,PREZSTUD,PBRROD,PBRSTAN,DATRODSTUD,JMBGSTUD) values (1370,'Tibor','Poljanec',21000,10000,'1986-09-20','2009986370027');
Insert into STUD (MBRSTUD,IMESTUD,PREZSTUD,PBRROD,PBRSTAN,DATRODSTUD,JMBGSTUD) values (1372,'Adrijan','Herceg',20000,20000,'1987-04-28','2804987330071');
Insert into STUD (MBRSTUD,IMESTUD,PREZSTUD,PBRROD,PBRSTAN,DATRODSTUD,JMBGSTUD) values (1373,'Antonijo','Bilić',21000,10000,'1986-12-01','0112986391218');
Insert into STUD (MBRSTUD,IMESTUD,PREZSTUD,PBRROD,PBRSTAN,DATRODSTUD,JMBGSTUD) values (1374,'Tea','Mihaljević',10000,10000,'1986-06-26','2606986370019');
Insert into STUD (MBRSTUD,IMESTUD,PREZSTUD,PBRROD,PBRSTAN,DATRODSTUD,JMBGSTUD) values (1376,'Darko','Mrduljaš',21000,10000,'1987-07-14','1407987330152');
Insert into STUD (MBRSTUD,IMESTUD,PREZSTUD,PBRROD,PBRSTAN,DATRODSTUD,JMBGSTUD) values (1377,'Davorka','Čavrak',10000,10000,'1986-07-29','2907986390009');
Insert into STUD (MBRSTUD,IMESTUD,PREZSTUD,PBRROD,PBRSTAN,DATRODSTUD,JMBGSTUD) values (1378,'Antonio','Pamučar',20000,10000,'1987-05-08','0805987330166');
Insert into STUD (MBRSTUD,IMESTUD,PREZSTUD,PBRROD,PBRSTAN,DATRODSTUD,JMBGSTUD) values (1392,'Filip','Cigrovski',51000,51000,'1985-11-24','2411985330077');
Insert into STUD (MBRSTUD,IMESTUD,PREZSTUD,PBRROD,PBRSTAN,DATRODSTUD,JMBGSTUD) values (1393,'Stjepan','Tomić',51000,10000,'1987-05-04','0405987330013');
Insert into STUD (MBRSTUD,IMESTUD,PREZSTUD,PBRROD,PBRSTAN,DATRODSTUD,JMBGSTUD) values (1394,'Augustina','Šimek',51000,10000,'1987-01-13','1301987320515');
Insert into STUD (MBRSTUD,IMESTUD,PREZSTUD,PBRROD,PBRSTAN,DATRODSTUD,JMBGSTUD) values (1396,'Gordana','Husak',31000,31000,'1984-01-16','1601984380065');
Insert into STUD (MBRSTUD,IMESTUD,PREZSTUD,PBRROD,PBRSTAN,DATRODSTUD,JMBGSTUD) values (1397,'Mijo','Legović',31000,10000,'1986-12-26','2612986361908');
Insert into STUD (MBRSTUD,IMESTUD,PREZSTUD,PBRROD,PBRSTAN,DATRODSTUD,JMBGSTUD) values (1398,'Zdravka','Budiša',31000,10000,'1987-01-02','0201987383929');
Insert into STUD (MBRSTUD,IMESTUD,PREZSTUD,PBRROD,PBRSTAN,DATRODSTUD,JMBGSTUD) values (1400,'Miljenko','Tuđen',47000,10000,'1986-07-20','2007986391806');
Insert into STUD (MBRSTUD,IMESTUD,PREZSTUD,PBRROD,PBRSTAN,DATRODSTUD,JMBGSTUD) values (1401,'Vinko','Marković',47000,47000,'1986-10-17','1710986334304');
Insert into STUD (MBRSTUD,IMESTUD,PREZSTUD,PBRROD,PBRSTAN,DATRODSTUD,JMBGSTUD) values (1408,'Mirjana','Cesnik',51000,10000,'1986-05-30','3005986330014');
Insert into STUD (MBRSTUD,IMESTUD,PREZSTUD,PBRROD,PBRSTAN,DATRODSTUD,JMBGSTUD) values (1409,'Berislav','Crnković',22000,22000,'1987-04-03','0304987330263');
Insert into STUD (MBRSTUD,IMESTUD,PREZSTUD,PBRROD,PBRSTAN,DATRODSTUD,JMBGSTUD) values (1410,'Željka','Koren',35000,35000,'1987-03-10','1003987334304');
Insert into STUD (MBRSTUD,IMESTUD,PREZSTUD,PBRROD,PBRSTAN,DATRODSTUD,JMBGSTUD) values (1412,'Hana','Birkić',40000,40000,'1986-08-08','0808986302118');
Insert into STUD (MBRSTUD,IMESTUD,PREZSTUD,PBRROD,PBRSTAN,DATRODSTUD,JMBGSTUD) values (1413,'Antun Ivan','Galić',33000,10000,'1987-04-18','1804987301006');
Insert into STUD (MBRSTUD,IMESTUD,PREZSTUD,PBRROD,PBRSTAN,DATRODSTUD,JMBGSTUD) values (1414,'Tin','Šipek',43000,43000,'1986-11-22','2211986330174');
Insert into STUD (MBRSTUD,IMESTUD,PREZSTUD,PBRROD,PBRSTAN,DATRODSTUD,JMBGSTUD) values (1415,'Tomislav','Kovačić',52000,52000,'1986-06-13','1306986370008');
Insert into STUD (MBRSTUD,IMESTUD,PREZSTUD,PBRROD,PBRSTAN,DATRODSTUD,JMBGSTUD) values (1417,'Toni','Merlak',35000,35000,'1987-04-11','1104987310024');
Insert into STUD (MBRSTUD,IMESTUD,PREZSTUD,PBRROD,PBRSTAN,DATRODSTUD,JMBGSTUD) values (1418,'Davor','Roketinec',48000,10000,'1986-11-03','0311986330035');
Insert into STUD (MBRSTUD,IMESTUD,PREZSTUD,PBRROD,PBRSTAN,DATRODSTUD,JMBGSTUD) values (1419,'Mirko','Brečić',40000,40000,'1986-10-27','2710986383906');
Insert into STUD (MBRSTUD,IMESTUD,PREZSTUD,PBRROD,PBRSTAN,DATRODSTUD,JMBGSTUD) values (1421,'Ljiljana','Jokić',43000,10000,'1987-03-14','1403987383315');
Insert into STUD (MBRSTUD,IMESTUD,PREZSTUD,PBRROD,PBRSTAN,DATRODSTUD,JMBGSTUD) values (1422,'Helena','Crnković',52000,52000,'1987-04-10','1004987339016');
Insert into STUD (MBRSTUD,IMESTUD,PREZSTUD,PBRROD,PBRSTAN,DATRODSTUD,JMBGSTUD) values (1423,'Vjeran','Nakić',20000,10000,'1986-07-26','2607986311904');
Insert into STUD (MBRSTUD,IMESTUD,PREZSTUD,PBRROD,PBRSTAN,DATRODSTUD,JMBGSTUD) values (1425,'Martina','Petrinec',10000,20000,'1986-10-22','2210986334004');
Insert into STUD (MBRSTUD,IMESTUD,PREZSTUD,PBRROD,PBRSTAN,DATRODSTUD,JMBGSTUD) values (1426,'Vanja','Bonačić',20000,10000,'1987-02-12','1202987391809');
Insert into STUD (MBRSTUD,IMESTUD,PREZSTUD,PBRROD,PBRSTAN,DATRODSTUD,JMBGSTUD) values (1427,'Hrvoje','Juričić',21000,21000,'1987-03-04','0403987330122');
Insert into STUD (MBRSTUD,IMESTUD,PREZSTUD,PBRROD,PBRSTAN,DATRODSTUD,JMBGSTUD) values (1429,'Karla','Kafadar',20000,20000,'1986-08-11','1108986370016');
Insert into STUD (MBRSTUD,IMESTUD,PREZSTUD,PBRROD,PBRSTAN,DATRODSTUD,JMBGSTUD) values (1430,'Želimir','Pintar',21000,10000,'1986-10-22','2210986320029');
Insert into STUD (MBRSTUD,IMESTUD,PREZSTUD,PBRROD,PBRSTAN,DATRODSTUD,JMBGSTUD) values (1431,'Franjo','Berač',10000,10000,'1987-04-27','2704987370026');
Insert into STUD (MBRSTUD,IMESTUD,PREZSTUD,PBRROD,PBRSTAN,DATRODSTUD,JMBGSTUD) values (1433,'Igor','Bogati',10380,10000,'1986-11-05','0511986385009');
Insert into STUD (MBRSTUD,IMESTUD,PREZSTUD,PBRROD,PBRSTAN,DATRODSTUD,JMBGSTUD) values (1439,'Josip','Škvorc',47300,10000,'1987-01-16','1601987392106');
Insert into STUD (MBRSTUD,IMESTUD,PREZSTUD,PBRROD,PBRSTAN,DATRODSTUD,JMBGSTUD) values (1441,'Majo','Meglaj',47220,10000,'1986-06-07','0706986383906');
Insert into STUD (MBRSTUD,IMESTUD,PREZSTUD,PBRROD,PBRSTAN,DATRODSTUD,JMBGSTUD) values (1442,'Boris','Jertec',21450,10000,'1985-02-27','2702985330072');
Insert into STUD (MBRSTUD,IMESTUD,PREZSTUD,PBRROD,PBRSTAN,DATRODSTUD,JMBGSTUD) values (1443,'Nataša','Cerjan',33520,33405,'1986-08-26','2608986335042');
Insert into STUD (MBRSTUD,IMESTUD,PREZSTUD,PBRROD,PBRSTAN,DATRODSTUD,JMBGSTUD) values (1457,'Borna','Burtina',34000,34000,'1987-06-02','0206987380077');
Insert into STUD (MBRSTUD,IMESTUD,PREZSTUD,PBRROD,PBRSTAN,DATRODSTUD,JMBGSTUD) values (1458,'Davor','Kroflin',21000,21000,'1986-09-16','1609986383124');
Insert into STUD (MBRSTUD,IMESTUD,PREZSTUD,PBRROD,PBRSTAN,DATRODSTUD,JMBGSTUD) values (1459,'Predrag','Vlah',10000,10000,'1986-11-27','2711986330044');
Insert into STUD (MBRSTUD,IMESTUD,PREZSTUD,PBRROD,PBRSTAN,DATRODSTUD,JMBGSTUD) values (1461,'Nenad','Toth',21000,21000,'1987-04-06','0604987380005');
Insert into STUD (MBRSTUD,IMESTUD,PREZSTUD,PBRROD,PBRSTAN,DATRODSTUD,JMBGSTUD) values (1462,'Vilim','Živčić',20000,10000,'1986-11-08','0811986370839');
Insert into STUD (MBRSTUD,IMESTUD,PREZSTUD,PBRROD,PBRSTAN,DATRODSTUD,JMBGSTUD) values (1463,'Ivan','Balenović',21000,10000,'1985-08-13','1308985335065');
Insert into STUD (MBRSTUD,IMESTUD,PREZSTUD,PBRROD,PBRSTAN,DATRODSTUD,JMBGSTUD) values (1464,'Tihomir','Fizir',10000,10000,'1987-05-04','0405987330058');
Insert into STUD (MBRSTUD,IMESTUD,PREZSTUD,PBRROD,PBRSTAN,DATRODSTUD,JMBGSTUD) values (1466,'Neven','Rubeša',21000,10000,'1987-05-21','2105987335025');
Insert into STUD (MBRSTUD,IMESTUD,PREZSTUD,PBRROD,PBRSTAN,DATRODSTUD,JMBGSTUD) values (1467,'Tea','Stjepanović',10000,10000,'1986-10-25','2510986330142');
Insert into STUD (MBRSTUD,IMESTUD,PREZSTUD,PBRROD,PBRSTAN,DATRODSTUD,JMBGSTUD) values (1468,'Ivana','Kuzma',20000,20000,'1987-07-07','0707987335135');
Insert into STUD (MBRSTUD,IMESTUD,PREZSTUD,PBRROD,PBRSTAN,DATRODSTUD,JMBGSTUD) values (1470,'Dubravko','Bartolić',10000,10000,'1986-11-14','1411986392608');
Insert into STUD (MBRSTUD,IMESTUD,PREZSTUD,PBRROD,PBRSTAN,DATRODSTUD,JMBGSTUD) values (1471,'Božidar','Ježić',20000,10000,'1986-11-24','2411986321729');
Insert into STUD (MBRSTUD,IMESTUD,PREZSTUD,PBRROD,PBRSTAN,DATRODSTUD,JMBGSTUD) values (1472,'Ivana','Muranić',21000,21000,'1987-08-05','0508987381113');
Insert into STUD (MBRSTUD,IMESTUD,PREZSTUD,PBRROD,PBRSTAN,DATRODSTUD,JMBGSTUD) values (1474,'Vjekoslav','Lacković',20000,10000,'1986-10-22','2210986383901');
Insert into STUD (MBRSTUD,IMESTUD,PREZSTUD,PBRROD,PBRSTAN,DATRODSTUD,JMBGSTUD) values (1475,'Branimir','Bolfek',21000,10000,'1986-09-21','2109986330054');
Insert into STUD (MBRSTUD,IMESTUD,PREZSTUD,PBRROD,PBRSTAN,DATRODSTUD,JMBGSTUD) values (1476,'Zlatko','Perčić',10000,10000,'1987-02-16','1602987301803');
Insert into STUD (MBRSTUD,IMESTUD,PREZSTUD,PBRROD,PBRSTAN,DATRODSTUD,JMBGSTUD) values (1483,'Ivica','Čučković',10000,35400,'1986-12-18','1812986335149');
Insert into STUD (MBRSTUD,IMESTUD,PREZSTUD,PBRROD,PBRSTAN,DATRODSTUD,JMBGSTUD) values (1484,'Antun Ivan','Pužar',21000,21000,'1987-03-11','1103987390025');
Insert into STUD (MBRSTUD,IMESTUD,PREZSTUD,PBRROD,PBRSTAN,DATRODSTUD,JMBGSTUD) values (1486,'Iva','Kopjar',21000,21000,'1987-09-04','0409987380028');
Insert into STUD (MBRSTUD,IMESTUD,PREZSTUD,PBRROD,PBRSTAN,DATRODSTUD,JMBGSTUD) values (1487,'Juraj','Valjak',51000,10000,'1986-04-21','2104986391802');
Insert into STUD (MBRSTUD,IMESTUD,PREZSTUD,PBRROD,PBRSTAN,DATRODSTUD,JMBGSTUD) values (1488,'Davor','Dilber',51000,51000,'1986-10-01','0110986330019');
Insert into STUD (MBRSTUD,IMESTUD,PREZSTUD,PBRROD,PBRSTAN,DATRODSTUD,JMBGSTUD) values (1490,'Bruno','Hundak',31000,10000,'1986-12-19','1912986300052');
Insert into STUD (MBRSTUD,IMESTUD,PREZSTUD,PBRROD,PBRSTAN,DATRODSTUD,JMBGSTUD) values (1491,'Jakov','Bumbar',31000,31000,'1987-01-13','1301987330061');
Insert into STUD (MBRSTUD,IMESTUD,PREZSTUD,PBRROD,PBRSTAN,DATRODSTUD,JMBGSTUD) values (1492,'Ivan','Kordić',31000,31000,'1987-04-10','1004987388117');
Insert into STUD (MBRSTUD,IMESTUD,PREZSTUD,PBRROD,PBRSTAN,DATRODSTUD,JMBGSTUD) values (1494,'Franjo','Blažević',31000,10000,'1987-01-19','1901987301004');
Insert into STUD (MBRSTUD,IMESTUD,PREZSTUD,PBRROD,PBRSTAN,DATRODSTUD,JMBGSTUD) values (1495,'Lovre','Šimek',47000,21000,'1986-11-12','1211986303204');
Insert into STUD (MBRSTUD,IMESTUD,PREZSTUD,PBRROD,PBRSTAN,DATRODSTUD,JMBGSTUD) values (1496,'Cvijeta','Erceg',32000,10000,'1987-08-14','1408987390075');
Insert into STUD (MBRSTUD,IMESTUD,PREZSTUD,PBRROD,PBRSTAN,DATRODSTUD,JMBGSTUD) values (1498,'Janko','Jakopović',51000,51000,'1986-07-04','0407986307828');
Insert into STUD (MBRSTUD,IMESTUD,PREZSTUD,PBRROD,PBRSTAN,DATRODSTUD,JMBGSTUD) values (1499,'Vlaho','Roginić',22000,10000,'1987-04-05','0504987340301');
Insert into STUD (MBRSTUD,IMESTUD,PREZSTUD,PBRROD,PBRSTAN,DATRODSTUD,JMBGSTUD) values (1500,'Dalibor','Gradečak',35000,35000,'1987-05-25','2505987311411');
Insert into STUD (MBRSTUD,IMESTUD,PREZSTUD,PBRROD,PBRSTAN,DATRODSTUD,JMBGSTUD) values (1502,'Josip','Nikl',40000,10000,'1986-09-28','2809986383005');
Insert into STUD (MBRSTUD,IMESTUD,PREZSTUD,PBRROD,PBRSTAN,DATRODSTUD,JMBGSTUD) values (1503,'Majo','Posavec',33000,33000,'1986-09-01','0109986330118');
Insert into STUD (MBRSTUD,IMESTUD,PREZSTUD,PBRROD,PBRSTAN,DATRODSTUD,JMBGSTUD) values (1504,'Josip','Poljak',43000,43000,'1986-12-04','0412986391807');
Insert into STUD (MBRSTUD,IMESTUD,PREZSTUD,PBRROD,PBRSTAN,DATRODSTUD,JMBGSTUD) values (1506,'Damir','Buković',31000,31000,'1986-12-06','0612986383608');
Insert into STUD (MBRSTUD,IMESTUD,PREZSTUD,PBRROD,PBRSTAN,DATRODSTUD,JMBGSTUD) values (1507,'Mijo','Bitar',21000,21000,'1986-12-13','1312986330055');
Insert into STUD (MBRSTUD,IMESTUD,PREZSTUD,PBRROD,PBRSTAN,DATRODSTUD,JMBGSTUD) values (1508,'Vlasta','Ciković',49000,10000,'1987-04-01','0104987330026');
Insert into STUD (MBRSTUD,IMESTUD,PREZSTUD,PBRROD,PBRSTAN,DATRODSTUD,JMBGSTUD) values (1515,'Predrag','Fugaj',49000,49000,'1986-08-29','2908986334004');
Insert into STUD (MBRSTUD,IMESTUD,PREZSTUD,PBRROD,PBRSTAN,DATRODSTUD,JMBGSTUD) values (1516,'Vlatko','Bedeniković',10000,10000,'1987-01-25','2501987341117');
Insert into STUD (MBRSTUD,IMESTUD,PREZSTUD,PBRROD,PBRSTAN,DATRODSTUD,JMBGSTUD) values (1517,'Daniel','Kamenar',20000,10000,'1986-07-03','0307986312503');
Insert into STUD (MBRSTUD,IMESTUD,PREZSTUD,PBRROD,PBRSTAN,DATRODSTUD,JMBGSTUD) values (1519,'Slavko','Prstačić',10000,20000,'1986-01-12','1201986330074');
Insert into STUD (MBRSTUD,IMESTUD,PREZSTUD,PBRROD,PBRSTAN,DATRODSTUD,JMBGSTUD) values (1120,'Zdenko','Kolac',31000,40000,'1987-06-04','0406987330186');
Insert into STUD (MBRSTUD,IMESTUD,PREZSTUD,PBRROD,PBRSTAN,DATRODSTUD,JMBGSTUD) values (1121,'Danijel','Marović',21000,10000,'1986-12-16','1612986330118');
Insert into STUD (MBRSTUD,IMESTUD,PREZSTUD,PBRROD,PBRSTAN,DATRODSTUD,JMBGSTUD) values (1123,'Jozefina','Antončić',10000,10000,'1986-01-18','1801986330133');
Insert into STUD (MBRSTUD,IMESTUD,PREZSTUD,PBRROD,PBRSTAN,DATRODSTUD,JMBGSTUD) values (1124,'Tihomir','Crnković',34000,10000,'1987-04-29','2904987303228');
Insert into STUD (MBRSTUD,IMESTUD,PREZSTUD,PBRROD,PBRSTAN,DATRODSTUD,JMBGSTUD) values (1125,'Vjeran','Brezac',44000,44000,'1986-04-10','1004986335026');
Insert into STUD (MBRSTUD,IMESTUD,PREZSTUD,PBRROD,PBRSTAN,DATRODSTUD,JMBGSTUD) values (1127,'Dario','Risek',32000,32000,'1986-07-17','1707986362909');
Insert into STUD (MBRSTUD,IMESTUD,PREZSTUD,PBRROD,PBRSTAN,DATRODSTUD,JMBGSTUD) values (1128,'Zlatko','Broz',42000,10000,'1986-03-15','1503986330099');
Insert into STUD (MBRSTUD,IMESTUD,PREZSTUD,PBRROD,PBRSTAN,DATRODSTUD,JMBGSTUD) values (1129,'Julija','Kos',51000,51000,'1987-05-17','1705987330161');
Insert into STUD (MBRSTUD,IMESTUD,PREZSTUD,PBRROD,PBRSTAN,DATRODSTUD,JMBGSTUD) values (1131,'Zlatko','Nenadić',35000,35000,'1986-11-15','1511986395329');
Insert into STUD (MBRSTUD,IMESTUD,PREZSTUD,PBRROD,PBRSTAN,DATRODSTUD,JMBGSTUD) values (1185,'Ozren','Smolić',20000,10000,'1987-06-21','2106987330083');
Insert into STUD (MBRSTUD,IMESTUD,PREZSTUD,PBRROD,PBRSTAN,DATRODSTUD,JMBGSTUD) values (1186,'Zlatko','Kolar',21000,10000,'1986-09-16','1609986391008');
Insert into STUD (MBRSTUD,IMESTUD,PREZSTUD,PBRROD,PBRSTAN,DATRODSTUD,JMBGSTUD) values (1188,'Kristina','Mandić',20000,10000,'1987-01-17','1701987391825');
Insert into STUD (MBRSTUD,IMESTUD,PREZSTUD,PBRROD,PBRSTAN,DATRODSTUD,JMBGSTUD) values (1189,'Juraj','Maček',21000,21000,'1987-01-25','2501987390206');
Insert into STUD (MBRSTUD,IMESTUD,PREZSTUD,PBRROD,PBRSTAN,DATRODSTUD,JMBGSTUD) values (1190,'Domagoj','Krišto',10000,10000,'1987-03-11','1103987330094');
Insert into STUD (MBRSTUD,IMESTUD,PREZSTUD,PBRROD,PBRSTAN,DATRODSTUD,JMBGSTUD) values (1192,'Helena','Mandić',21000,21000,'1987-07-08','0807987300028');
Insert into STUD (MBRSTUD,IMESTUD,PREZSTUD,PBRROD,PBRSTAN,DATRODSTUD,JMBGSTUD) values (1193,'Krunoslav','Brezak',10000,10000,'1986-11-01','0111986370805');
Insert into STUD (MBRSTUD,IMESTUD,PREZSTUD,PBRROD,PBRSTAN,DATRODSTUD,JMBGSTUD) values (1253,'Božidar','Cetto',53230,10000,'1987-05-22','2205987330205');
Insert into STUD (MBRSTUD,IMESTUD,PREZSTUD,PBRROD,PBRSTAN,DATRODSTUD,JMBGSTUD) values (1254,'Edo','Marić',21420,21420,'1987-02-25','2502987390302');
Insert into STUD (MBRSTUD,IMESTUD,PREZSTUD,PBRROD,PBRSTAN,DATRODSTUD,JMBGSTUD) values (1255,'Antonijo','Dumančić',32100,32100,'1986-09-19','1909986302141');
Insert into STUD (MBRSTUD,IMESTUD,PREZSTUD,PBRROD,PBRSTAN,DATRODSTUD,JMBGSTUD) values (1257,'Adrian','Lukač',44320,10000,'1987-08-15','1508987383929');
Insert into STUD (MBRSTUD,IMESTUD,PREZSTUD,PBRROD,PBRSTAN,DATRODSTUD,JMBGSTUD) values (1258,'Majo','Varga',10430,10000,'1986-04-19','1904986340015');
Insert into STUD (MBRSTUD,IMESTUD,PREZSTUD,PBRROD,PBRSTAN,DATRODSTUD,JMBGSTUD) values (1259,'Ljiljana','Bulić',31301,10000,'1986-07-20','2007986383304');
Insert into STUD (MBRSTUD,IMESTUD,PREZSTUD,PBRROD,PBRSTAN,DATRODSTUD,JMBGSTUD) values (1261,'Silvana','Novosel',47302,10000,'1986-12-09','0912986308219');
Insert into STUD (MBRSTUD,IMESTUD,PREZSTUD,PBRROD,PBRSTAN,DATRODSTUD,JMBGSTUD) values (1315,'Aljoša','Sobol',31000,31000,'1987-05-09','0905987335128');
Insert into STUD (MBRSTUD,IMESTUD,PREZSTUD,PBRROD,PBRSTAN,DATRODSTUD,JMBGSTUD) values (1316,'Gorana','Frljak',21000,21000,'1986-05-04','0405986334017');
Insert into STUD (MBRSTUD,IMESTUD,PREZSTUD,PBRROD,PBRSTAN,DATRODSTUD,JMBGSTUD) values (1317,'Mijo','Vucelić',49000,49000,'1987-05-21','2105987383905');
Insert into STUD (MBRSTUD,IMESTUD,PREZSTUD,PBRROD,PBRSTAN,DATRODSTUD,JMBGSTUD) values (1319,'Petra','Školnik',34000,10000,'1986-11-11','1111986330155');
Insert into STUD (MBRSTUD,IMESTUD,PREZSTUD,PBRROD,PBRSTAN,DATRODSTUD,JMBGSTUD) values (1320,'Martin','Kovačić',44000,10000,'1986-09-18','1809986311404');
Insert into STUD (MBRSTUD,IMESTUD,PREZSTUD,PBRROD,PBRSTAN,DATRODSTUD,JMBGSTUD) values (1321,'Marko','Meljanac',53000,53000,'1987-02-07','0702987390011');
Insert into STUD (MBRSTUD,IMESTUD,PREZSTUD,PBRROD,PBRSTAN,DATRODSTUD,JMBGSTUD) values (1323,'Ivan','Jambrak',21000,21000,'1986-06-16','1606986330251');
Insert into STUD (MBRSTUD,IMESTUD,PREZSTUD,PBRROD,PBRSTAN,DATRODSTUD,JMBGSTUD) values (1324,'Petar','Nemet',49000,49000,'1986-11-15','1511986335042');
Insert into STUD (MBRSTUD,IMESTUD,PREZSTUD,PBRROD,PBRSTAN,DATRODSTUD,JMBGSTUD) values (1325,'Martina','Simon',10000,10000,'1986-01-31','3101986383304');
Insert into STUD (MBRSTUD,IMESTUD,PREZSTUD,PBRROD,PBRSTAN,DATRODSTUD,JMBGSTUD) values (1380,'Tihomir','Medić',10000,10000,'1986-10-13','1310986330055');
Insert into STUD (MBRSTUD,IMESTUD,PREZSTUD,PBRROD,PBRSTAN,DATRODSTUD,JMBGSTUD) values (1381,'Antun','Balog',20000,20000,'1986-08-28','2808986335037');
Insert into STUD (MBRSTUD,IMESTUD,PREZSTUD,PBRROD,PBRSTAN,DATRODSTUD,JMBGSTUD) values (1382,'Vlatka','Relota',21000,21000,'1987-06-09','0906987330115');
Insert into STUD (MBRSTUD,IMESTUD,PREZSTUD,PBRROD,PBRSTAN,DATRODSTUD,JMBGSTUD) values (1384,'Helena','Budimir',21000,21000,'1986-11-16','1611986312506');
Insert into STUD (MBRSTUD,IMESTUD,PREZSTUD,PBRROD,PBRSTAN,DATRODSTUD,JMBGSTUD) values (1385,'Tin','Krajtner',21000,10000,'1986-12-25','2512986330082');
Insert into STUD (MBRSTUD,IMESTUD,PREZSTUD,PBRROD,PBRSTAN,DATRODSTUD,JMBGSTUD) values (1386,'Dragan','Vidaković',10000,10000,'1986-11-30','3011986340003');
Insert into STUD (MBRSTUD,IMESTUD,PREZSTUD,PBRROD,PBRSTAN,DATRODSTUD,JMBGSTUD) values (1388,'Antun Ivan','Šimić',10000,10000,'1987-01-07','0701987330269');
Insert into STUD (MBRSTUD,IMESTUD,PREZSTUD,PBRROD,PBRSTAN,DATRODSTUD,JMBGSTUD) values (1389,'Mihovil','Slaviček',21000,21000,'1987-08-10','1008987330046');
Insert into STUD (MBRSTUD,IMESTUD,PREZSTUD,PBRROD,PBRSTAN,DATRODSTUD,JMBGSTUD) values (1390,'Zdenka','Jureta',10000,20000,'1987-05-08','0805987391503');
Insert into STUD (MBRSTUD,IMESTUD,PREZSTUD,PBRROD,PBRSTAN,DATRODSTUD,JMBGSTUD) values (1445,'Niko','Grbić',44400,10000,'1987-01-02','0201987330196');
Insert into STUD (MBRSTUD,IMESTUD,PREZSTUD,PBRROD,PBRSTAN,DATRODSTUD,JMBGSTUD) values (1446,'Antonijo','Nikolić',20210,10000,'1986-09-04','0409986330247');
Insert into STUD (MBRSTUD,IMESTUD,PREZSTUD,PBRROD,PBRSTAN,DATRODSTUD,JMBGSTUD) values (1447,'Vid','Markulinčić',31531,10000,'1986-10-12','1210986330114');
Insert into STUD (MBRSTUD,IMESTUD,PREZSTUD,PBRROD,PBRSTAN,DATRODSTUD,JMBGSTUD) values (1449,'Nataša','Osredečki',51211,10000,'1987-05-21','2105987303534');
Insert into STUD (MBRSTUD,IMESTUD,PREZSTUD,PBRROD,PBRSTAN,DATRODSTUD,JMBGSTUD) values (1450,'Borislav','Gobin',42000,42000,'1987-08-02','0208987330169');
Insert into STUD (MBRSTUD,IMESTUD,PREZSTUD,PBRROD,PBRSTAN,DATRODSTUD,JMBGSTUD) values (1451,'Mirko','Kadić',31000,10000,'1986-09-13','1309986382604');
Insert into STUD (MBRSTUD,IMESTUD,PREZSTUD,PBRROD,PBRSTAN,DATRODSTUD,JMBGSTUD) values (1453,'Petra','Tišlar',31000,31000,'1986-06-28','2806986335183');
Insert into STUD (MBRSTUD,IMESTUD,PREZSTUD,PBRROD,PBRSTAN,DATRODSTUD,JMBGSTUD) values (1454,'Božidar','Sesar',10000,10000,'1985-04-26','2604985383316');
Insert into STUD (MBRSTUD,IMESTUD,PREZSTUD,PBRROD,PBRSTAN,DATRODSTUD,JMBGSTUD) values (1455,'Iva','Hafner',47300,10000,'1986-09-16','1609986340007');
Insert into STUD (MBRSTUD,IMESTUD,PREZSTUD,PBRROD,PBRSTAN,DATRODSTUD,JMBGSTUD) values (1132,'Nikica','Arunović',48000,48000,'1986-08-30','3008986330006');
Insert into STUD (MBRSTUD,IMESTUD,PREZSTUD,PBRROD,PBRSTAN,DATRODSTUD,JMBGSTUD) values (1133,'Darko','Cindrić',40000,10000,'1986-10-16','1610986330093');
Insert into STUD (MBRSTUD,IMESTUD,PREZSTUD,PBRROD,PBRSTAN,DATRODSTUD,JMBGSTUD) values (1135,'Juraj','Rožman',42000,42000,'1986-08-17','1708986312508');
Insert into STUD (MBRSTUD,IMESTUD,PREZSTUD,PBRROD,PBRSTAN,DATRODSTUD,JMBGSTUD) values (1136,'Vlatko','Horvatić',51000,51000,'1987-06-24','2406987325027');
Insert into STUD (MBRSTUD,IMESTUD,PREZSTUD,PBRROD,PBRSTAN,DATRODSTUD,JMBGSTUD) values (1164,'Krešimir','Vlahović',49250,10000,'1987-03-05','0503987395007');
Insert into STUD (MBRSTUD,IMESTUD,PREZSTUD,PBRROD,PBRSTAN,DATRODSTUD,JMBGSTUD) values (1165,'Željka','Morić',20242,10000,'1987-06-01','0106987392119');
Insert into STUD (MBRSTUD,IMESTUD,PREZSTUD,PBRROD,PBRSTAN,DATRODSTUD,JMBGSTUD) values (1167,'Mirko','Teklić',47201,10000,'1986-03-26','2603986310615');
Insert into STUD (MBRSTUD,IMESTUD,PREZSTUD,PBRROD,PBRSTAN,DATRODSTUD,JMBGSTUD) values (1168,'Doris','Rapinac',40000,10000,'1986-11-20','2011986335101');
Insert into STUD (MBRSTUD,IMESTUD,PREZSTUD,PBRROD,PBRSTAN,DATRODSTUD,JMBGSTUD) values (1208,'Franjo','Stipanov',31000,31000,'1986-08-09','0908986385042');
Insert into STUD (MBRSTUD,IMESTUD,PREZSTUD,PBRROD,PBRSTAN,DATRODSTUD,JMBGSTUD) values (1209,'Petar','Škrinjarić',31000,31000,'1986-12-12','1212986380046');
Insert into STUD (MBRSTUD,IMESTUD,PREZSTUD,PBRROD,PBRSTAN,DATRODSTUD,JMBGSTUD) values (1210,'Lea','Dostal',31000,31000,'1986-12-26','2612986335123');
Insert into STUD (MBRSTUD,IMESTUD,PREZSTUD,PBRROD,PBRSTAN,DATRODSTUD,JMBGSTUD) values (1212,'Josip','Zelić',47000,47000,'1986-09-29','2909986330012');
Insert into STUD (MBRSTUD,IMESTUD,PREZSTUD,PBRROD,PBRSTAN,DATRODSTUD,JMBGSTUD) values (1239,'Duje','Šimić',20000,10000,'1986-09-05','0509986330054');
Insert into STUD (MBRSTUD,IMESTUD,PREZSTUD,PBRROD,PBRSTAN,DATRODSTUD,JMBGSTUD) values (1241,'Ljiljana','Valentić',10000,20000,'1986-10-02','0210986330044');
Insert into STUD (MBRSTUD,IMESTUD,PREZSTUD,PBRROD,PBRSTAN,DATRODSTUD,JMBGSTUD) values (1242,'Alan','Samodol',20000,20000,'1986-10-10','1010986330177');
Insert into STUD (MBRSTUD,IMESTUD,PREZSTUD,PBRROD,PBRSTAN,DATRODSTUD,JMBGSTUD) values (1243,'Lidija','Žiljak',21000,21000,'1987-01-02','0201987330026');
Insert into STUD (MBRSTUD,IMESTUD,PREZSTUD,PBRROD,PBRSTAN,DATRODSTUD,JMBGSTUD) values (1283,'Vinko','Padovan',21000,10000,'1987-04-03','0304987335094');
Insert into STUD (MBRSTUD,IMESTUD,PREZSTUD,PBRROD,PBRSTAN,DATRODSTUD,JMBGSTUD) values (1284,'Albert','Hunić',10000,10000,'1987-01-06','0601987366002');
Insert into STUD (MBRSTUD,IMESTUD,PREZSTUD,PBRROD,PBRSTAN,DATRODSTUD,JMBGSTUD) values (1286,'Fran','Šef',21000,10000,'1986-08-19','1908986383317');
Insert into STUD (MBRSTUD,IMESTUD,PREZSTUD,PBRROD,PBRSTAN,DATRODSTUD,JMBGSTUD) values (1287,'Adrijan','Trnski',10000,20000,'1986-03-09','0903986361305');
Insert into STUD (MBRSTUD,IMESTUD,PREZSTUD,PBRROD,PBRSTAN,DATRODSTUD,JMBGSTUD) values (1327,'Andrej','Jurić',44000,44000,'1985-11-24','2411985370016');
Insert into STUD (MBRSTUD,IMESTUD,PREZSTUD,PBRROD,PBRSTAN,DATRODSTUD,JMBGSTUD) values (1328,'Renata','Vujnovac',53000,10000,'1986-10-06','0610986334302');
Insert into STUD (MBRSTUD,IMESTUD,PREZSTUD,PBRROD,PBRSTAN,DATRODSTUD,JMBGSTUD) values (1329,'Mijo','Poljak',10000,10000,'1987-05-24','2405987153755');
Insert into STUD (MBRSTUD,IMESTUD,PREZSTUD,PBRROD,PBRSTAN,DATRODSTUD,JMBGSTUD) values (1331,'Gordan','Lacković',21000,10000,'1986-09-01','0109986330249');
Insert into STUD (MBRSTUD,IMESTUD,PREZSTUD,PBRROD,PBRSTAN,DATRODSTUD,JMBGSTUD) values (1359,'Matija Tvrtko','Andrišek',10000,10000,'1987-01-20','2001987335002');
Insert into STUD (MBRSTUD,IMESTUD,PREZSTUD,PBRROD,PBRSTAN,DATRODSTUD,JMBGSTUD) values (1360,'Sunčica','Bošnjak',21000,10000,'1986-08-23','2308986330069');
Insert into STUD (MBRSTUD,IMESTUD,PREZSTUD,PBRROD,PBRSTAN,DATRODSTUD,JMBGSTUD) values (1361,'Anto','Globlek',44400,44400,'1986-06-12','1206986330053');
Insert into STUD (MBRSTUD,IMESTUD,PREZSTUD,PBRROD,PBRSTAN,DATRODSTUD,JMBGSTUD) values (1363,'Matko','Grgić',32000,32000,'1987-06-06','0606987383315');
Insert into STUD (MBRSTUD,IMESTUD,PREZSTUD,PBRROD,PBRSTAN,DATRODSTUD,JMBGSTUD) values (1402,'Slavko','Kavčič',10000,10000,'1987-04-13','1304987383908');
Insert into STUD (MBRSTUD,IMESTUD,PREZSTUD,PBRROD,PBRSTAN,DATRODSTUD,JMBGSTUD) values (1404,'Željka','Puljek',44000,44000,'1987-03-03','0303987334317');
Insert into STUD (MBRSTUD,IMESTUD,PREZSTUD,PBRROD,PBRSTAN,DATRODSTUD,JMBGSTUD) values (1405,'Jerko','Ogresta',53000,53000,'1987-01-07','0701987302806');
Insert into STUD (MBRSTUD,IMESTUD,PREZSTUD,PBRROD,PBRSTAN,DATRODSTUD,JMBGSTUD) values (1406,'Tomica','Lulić',32000,10000,'1986-11-18','1811986330107');
Insert into STUD (MBRSTUD,IMESTUD,PREZSTUD,PBRROD,PBRSTAN,DATRODSTUD,JMBGSTUD) values (1434,'Mijo','Vrhoci',21210,10000,'1987-03-07','0703987330211');
Insert into STUD (MBRSTUD,IMESTUD,PREZSTUD,PBRROD,PBRSTAN,DATRODSTUD,JMBGSTUD) values (1435,'Alan','Franc',22020,10000,'1986-09-22','2209986392103');
Insert into STUD (MBRSTUD,IMESTUD,PREZSTUD,PBRROD,PBRSTAN,DATRODSTUD,JMBGSTUD) values (1437,'Miro','Pugar',34310,10000,'1986-06-30','3006986335112');
Insert into STUD (MBRSTUD,IMESTUD,PREZSTUD,PBRROD,PBRSTAN,DATRODSTUD,JMBGSTUD) values (1438,'Vedran','Meštrić',42240,42240,'1987-04-05','0504987368003');
Insert into STUD (MBRSTUD,IMESTUD,PREZSTUD,PBRROD,PBRSTAN,DATRODSTUD,JMBGSTUD) values (1478,'Vid','Kulišić',10000,10000,'1987-04-01','0104987380005');
Insert into STUD (MBRSTUD,IMESTUD,PREZSTUD,PBRROD,PBRSTAN,DATRODSTUD,JMBGSTUD) values (1479,'Branko','Car',10000,20000,'1987-07-17','1707987302136');
Insert into STUD (MBRSTUD,IMESTUD,PREZSTUD,PBRROD,PBRSTAN,DATRODSTUD,JMBGSTUD) values (1480,'Vjeran','Stipaničev',21000,21000,'1986-12-27','2712986330052');
Insert into STUD (MBRSTUD,IMESTUD,PREZSTUD,PBRROD,PBRSTAN,DATRODSTUD,JMBGSTUD) values (1482,'Iva','Klarin',21000,21000,'1986-11-08','0811986383918');
Insert into STUD (MBRSTUD,IMESTUD,PREZSTUD,PBRROD,PBRSTAN,DATRODSTUD,JMBGSTUD) values (1510,'Vlatka','Ćurković',34000,34000,'1986-12-17','1712986360007');
Insert into STUD (MBRSTUD,IMESTUD,PREZSTUD,PBRROD,PBRSTAN,DATRODSTUD,JMBGSTUD) values (1511,'Mirko','Rech',43000,10000,'1986-04-10','1004986321701');
Insert into STUD (MBRSTUD,IMESTUD,PREZSTUD,PBRROD,PBRSTAN,DATRODSTUD,JMBGSTUD) values (1512,'Josip','Horvat',52000,10000,'1987-08-03','0308987383312');
Insert into STUD (MBRSTUD,IMESTUD,PREZSTUD,PBRROD,PBRSTAN,DATRODSTUD,JMBGSTUD) values (1513,'Josip','Ivanović',31000,31000,'1986-07-28','2807986370022');
Insert into STUD (MBRSTUD,IMESTUD,PREZSTUD,PBRROD,PBRSTAN,DATRODSTUD,JMBGSTUD) values (1194,'Antun Ivan','Herak',20000,20000,'1986-07-02','0207986330073');
Insert into STUD (MBRSTUD,IMESTUD,PREZSTUD,PBRROD,PBRSTAN,DATRODSTUD,JMBGSTUD) values (1196,'Pavao','Falk',20000,10000,'1986-07-10','1007986330057');
Insert into STUD (MBRSTUD,IMESTUD,PREZSTUD,PBRROD,PBRSTAN,DATRODSTUD,JMBGSTUD) values (1250,'Antonijo','Franjković',35420,10000,'1986-11-21','2111986360005');
Insert into STUD (MBRSTUD,IMESTUD,PREZSTUD,PBRROD,PBRSTAN,DATRODSTUD,JMBGSTUD) values (1251,'Lucija','Brčić',47240,10000,'1987-05-05','0505987391019');
Insert into STUD (MBRSTUD,IMESTUD,PREZSTUD,PBRROD,PBRSTAN,DATRODSTUD,JMBGSTUD) values (1137,'Jure','Ribarić',22000,22000,'1985-10-30','3010985392304');
Insert into STUD (MBRSTUD,IMESTUD,PREZSTUD,PBRROD,PBRSTAN,DATRODSTUD,JMBGSTUD) values (1139,'Niko','Marušić',48000,48000,'1986-08-20','2008986173977');
Insert into STUD (MBRSTUD,IMESTUD,PREZSTUD,PBRROD,PBRSTAN,DATRODSTUD,JMBGSTUD) values (1140,'Davor','Vurnek',20000,20000,'1986-10-27','2710986300802');
Insert into STUD (MBRSTUD,IMESTUD,PREZSTUD,PBRROD,PBRSTAN,DATRODSTUD,JMBGSTUD) values (1141,'Zoran','Habajec',21000,21000,'1986-07-23','2307986301807');
Insert into STUD (MBRSTUD,IMESTUD,PREZSTUD,PBRROD,PBRSTAN,DATRODSTUD,JMBGSTUD) values (1143,'Davor','Voras',20000,10000,'1986-07-24','2307986301808');
Insert into STUD (MBRSTUD,IMESTUD,PREZSTUD,PBRROD,PBRSTAN,DATRODSTUD,JMBGSTUD) values (1144,'Zvonimir','Ozimec',21000,21000,'1987-10-06','0610987390015');
Insert into STUD (MBRSTUD,IMESTUD,PREZSTUD,PBRROD,PBRSTAN,DATRODSTUD,JMBGSTUD) values (1145,'Jurica','Bašić',10000,10000,'1987-07-04','0407987361605');
Insert into STUD (MBRSTUD,IMESTUD,PREZSTUD,PBRROD,PBRSTAN,DATRODSTUD,JMBGSTUD) values (1147,'Alenka','Vukojević',21000,21000,'1987-06-12','1206987311906');
Insert into STUD (MBRSTUD,IMESTUD,PREZSTUD,PBRROD,PBRSTAN,DATRODSTUD,JMBGSTUD) values (1148,'Antonijo','Javorina',10000,10000,'1986-07-14','1407986330068');
Insert into STUD (MBRSTUD,IMESTUD,PREZSTUD,PBRROD,PBRSTAN,DATRODSTUD,JMBGSTUD) values (1149,'Nikola','Bačić',20000,10000,'1986-04-06','0604986330122');
Insert into STUD (MBRSTUD,IMESTUD,PREZSTUD,PBRROD,PBRSTAN,DATRODSTUD,JMBGSTUD) values (1151,'Karlo','Krsnik',10010,10000,'1986-08-16','1608986320522');
Insert into STUD (MBRSTUD,IMESTUD,PREZSTUD,PBRROD,PBRSTAN,DATRODSTUD,JMBGSTUD) values (1152,'Božidar','Tomić',20250,20250,'1987-08-05','0508987395074');
Insert into STUD (MBRSTUD,IMESTUD,PREZSTUD,PBRROD,PBRSTAN,DATRODSTUD,JMBGSTUD) values (1153,'Josip','Dukić',21270,10000,'1987-06-21','2106987330111');
Insert into STUD (MBRSTUD,IMESTUD,PREZSTUD,PBRROD,PBRSTAN,DATRODSTUD,JMBGSTUD) values (1155,'Davorin','Mirković',32100,32100,'1987-07-02','0207987307804');
Insert into STUD (MBRSTUD,IMESTUD,PREZSTUD,PBRROD,PBRSTAN,DATRODSTUD,JMBGSTUD) values (1156,'Nikolina','Medvedec',34340,10370,'1987-01-25','2501987381508');
Insert into STUD (MBRSTUD,IMESTUD,PREZSTUD,PBRROD,PBRSTAN,DATRODSTUD,JMBGSTUD) values (1157,'Nina','Cnappi',44320,10000,'1987-05-21','2105987390005');
Insert into STUD (MBRSTUD,IMESTUD,PREZSTUD,PBRROD,PBRSTAN,DATRODSTUD,JMBGSTUD) values (1159,'Katarina','Dobrina',52420,10000,'1987-02-16','1602987330169');
Insert into STUD (MBRSTUD,IMESTUD,PREZSTUD,PBRROD,PBRSTAN,DATRODSTUD,JMBGSTUD) values (1160,'Majo','Musić',10450,10000,'1986-10-25','2510986303508');
Insert into STUD (MBRSTUD,IMESTUD,PREZSTUD,PBRROD,PBRSTAN,DATRODSTUD,JMBGSTUD) values (1161,'Davor','Jurinjak',23250,10000,'1987-05-21','2105987330103');
Insert into STUD (MBRSTUD,IMESTUD,PREZSTUD,PBRROD,PBRSTAN,DATRODSTUD,JMBGSTUD) values (1163,'Davorka','Smolić-Grgić',43280,10000,'1987-06-25','2506987391817');
Insert into STUD (MBRSTUD,IMESTUD,PREZSTUD,PBRROD,PBRSTAN,DATRODSTUD,JMBGSTUD) values (1169,'Dubravko','Vaniček',42000,10000,'1986-11-25','2511986320539');
Insert into STUD (MBRSTUD,IMESTUD,PREZSTUD,PBRROD,PBRSTAN,DATRODSTUD,JMBGSTUD) values (1170,'Denis','Pauk',31000,31000,'1987-04-09','0904987301819');
Insert into STUD (MBRSTUD,IMESTUD,PREZSTUD,PBRROD,PBRSTAN,DATRODSTUD,JMBGSTUD) values (1172,'Ninoslav','Novak',21000,10000,'1986-04-08','0804986383309');
Insert into STUD (MBRSTUD,IMESTUD,PREZSTUD,PBRROD,PBRSTAN,DATRODSTUD,JMBGSTUD) values (1173,'Gordan','Boršić',10000,20000,'1980-02-29','1902980334016');
Insert into STUD (MBRSTUD,IMESTUD,PREZSTUD,PBRROD,PBRSTAN,DATRODSTUD,JMBGSTUD) values (1174,'Edita','Domijan',47300,10000,'1987-06-19','1906987380029');
Insert into STUD (MBRSTUD,IMESTUD,PREZSTUD,PBRROD,PBRSTAN,DATRODSTUD,JMBGSTUD) values (1176,'Predrag','Žuljević',34000,10000,'1985-12-28','2812985320569');
Insert into STUD (MBRSTUD,IMESTUD,PREZSTUD,PBRROD,PBRSTAN,DATRODSTUD,JMBGSTUD) values (1177,'Kristian','Klarin',10000,10000,'1987-06-08','0806987330028');
Insert into STUD (MBRSTUD,IMESTUD,PREZSTUD,PBRROD,PBRSTAN,DATRODSTUD,JMBGSTUD) values (1178,'Kristijan','Vrabec',20000,10000,'1986-10-05','0510986361315');
Insert into STUD (MBRSTUD,IMESTUD,PREZSTUD,PBRROD,PBRSTAN,DATRODSTUD,JMBGSTUD) values (1180,'Iva','Mioč',21000,21000,'1987-01-29','2901987340008');
Insert into STUD (MBRSTUD,IMESTUD,PREZSTUD,PBRROD,PBRSTAN,DATRODSTUD,JMBGSTUD) values (1181,'Arsenio','Minić',10000,20000,'1986-09-15','1509986320508');
Insert into STUD (MBRSTUD,IMESTUD,PREZSTUD,PBRROD,PBRSTAN,DATRODSTUD,JMBGSTUD) values (1182,'Gorana','Božić',20000,20000,'1985-07-18','1807985340011');
Insert into STUD (MBRSTUD,IMESTUD,PREZSTUD,PBRROD,PBRSTAN,DATRODSTUD,JMBGSTUD) values (1184,'Tihomir','Fabris',10000,20000,'1986-09-06','0609986360058');
Insert into STUD (MBRSTUD,IMESTUD,PREZSTUD,PBRROD,PBRSTAN,DATRODSTUD,JMBGSTUD) values (1197,'Dominik','Hacek',10000,10000,'1987-04-10','1004987306801');
Insert into STUD (MBRSTUD,IMESTUD,PREZSTUD,PBRROD,PBRSTAN,DATRODSTUD,JMBGSTUD) values (1198,'Helena','Vidaković',21000,21000,'1986-08-29','2908986330057');
Insert into STUD (MBRSTUD,IMESTUD,PREZSTUD,PBRROD,PBRSTAN,DATRODSTUD,JMBGSTUD) values (1200,'Davor','Bunčec',21000,21000,'1986-05-03','0305986330124');
Insert into STUD (MBRSTUD,IMESTUD,PREZSTUD,PBRROD,PBRSTAN,DATRODSTUD,JMBGSTUD) values (1201,'Doris','Končar',10000,10000,'1987-05-30','3005987392713');
Insert into STUD (MBRSTUD,IMESTUD,PREZSTUD,PBRROD,PBRSTAN,DATRODSTUD,JMBGSTUD) values (1202,'Perica','Mikulec',21000,21000,'1986-04-08','0804986340304');
Insert into STUD (MBRSTUD,IMESTUD,PREZSTUD,PBRROD,PBRSTAN,DATRODSTUD,JMBGSTUD) values (1204,'Ksenija','Čular',51000,51000,'1987-08-08','0808987311207');
Insert into STUD (MBRSTUD,IMESTUD,PREZSTUD,PBRROD,PBRSTAN,DATRODSTUD,JMBGSTUD) values (1205,'Dragan','Vranešić',51000,10000,'1986-11-26','2611986330185');
Insert into STUD (MBRSTUD,IMESTUD,PREZSTUD,PBRROD,PBRSTAN,DATRODSTUD,JMBGSTUD) values (1206,'Jozefina','Blauhorn',51000,51000,'1987-06-08','0806987383925');
Insert into STUD (MBRSTUD,IMESTUD,PREZSTUD,PBRROD,PBRSTAN,DATRODSTUD,JMBGSTUD) values (1213,'Petra','Čuljak',47000,47000,'1986-12-21','2112986380051');
Insert into STUD (MBRSTUD,IMESTUD,PREZSTUD,PBRROD,PBRSTAN,DATRODSTUD,JMBGSTUD) values (1214,'Drago','Bartolinčić',40000,10000,'1987-05-24','2405987383309');
Insert into STUD (MBRSTUD,IMESTUD,PREZSTUD,PBRROD,PBRSTAN,DATRODSTUD,JMBGSTUD) values (1216,'Lidija','Leonard',43000,43000,'1986-11-07','0711986330036');
Insert into STUD (MBRSTUD,IMESTUD,PREZSTUD,PBRROD,PBRSTAN,DATRODSTUD,JMBGSTUD) values (1217,'Lovre','Huk',52000,52000,'1986-12-09','0912986370017');
Insert into STUD (MBRSTUD,IMESTUD,PREZSTUD,PBRROD,PBRSTAN,DATRODSTUD,JMBGSTUD) values (1218,'Majo','Hemetek',31000,31000,'1987-06-21','2106987340015');
Insert into STUD (MBRSTUD,IMESTUD,PREZSTUD,PBRROD,PBRSTAN,DATRODSTUD,JMBGSTUD) values (1219,'Predrag','Smirčić',21000,21000,'1987-03-15','1503987335145');
Insert into STUD (MBRSTUD,IMESTUD,PREZSTUD,PBRROD,PBRSTAN,DATRODSTUD,JMBGSTUD) values (1221,'Slavko','Prelec',10000,10000,'1987-06-25','2506987362104');
Insert into STUD (MBRSTUD,IMESTUD,PREZSTUD,PBRROD,PBRSTAN,DATRODSTUD,JMBGSTUD) values (1222,'Dragutin','Ladišić',34000,34000,'1986-12-13','1312986391826');
Insert into STUD (MBRSTUD,IMESTUD,PREZSTUD,PBRROD,PBRSTAN,DATRODSTUD,JMBGSTUD) values (1223,'Kristina','Rubinić',44000,10000,'1987-06-30','3006987335087');
Insert into STUD (MBRSTUD,IMESTUD,PREZSTUD,PBRROD,PBRSTAN,DATRODSTUD,JMBGSTUD) values (1225,'Mirko','Dubravić',32000,32000,'1986-08-03','0308986380043');
Insert into STUD (MBRSTUD,IMESTUD,PREZSTUD,PBRROD,PBRSTAN,DATRODSTUD,JMBGSTUD) values (1226,'Tin','Mikulaj',42000,42000,'1987-04-09','0904987392619');
Insert into STUD (MBRSTUD,IMESTUD,PREZSTUD,PBRROD,PBRSTAN,DATRODSTUD,JMBGSTUD) values (1227,'Dražen','Bošnjak',51000,51000,'1986-11-22','2211986340712');
Insert into STUD (MBRSTUD,IMESTUD,PREZSTUD,PBRROD,PBRSTAN,DATRODSTUD,JMBGSTUD) values (1229,'Vjeran','Brezovec',44000,10000,'1987-09-22','2209987330058');
Insert into STUD (MBRSTUD,IMESTUD,PREZSTUD,PBRROD,PBRSTAN,DATRODSTUD,JMBGSTUD) values (1230,'Predrag','Buljat',53000,53000,'1987-01-04','0401987320007');
Insert into STUD (MBRSTUD,IMESTUD,PREZSTUD,PBRROD,PBRSTAN,DATRODSTUD,JMBGSTUD) values (1231,'Lucija','Matijašević',32000,32000,'1987-01-05','0401987320008');
Insert into STUD (MBRSTUD,IMESTUD,PREZSTUD,PBRROD,PBRSTAN,DATRODSTUD,JMBGSTUD) values (1233,'Renato','Stepinac',51000,51000,'1987-06-01','0106987300078');
Insert into STUD (MBRSTUD,IMESTUD,PREZSTUD,PBRROD,PBRSTAN,DATRODSTUD,JMBGSTUD) values (1234,'Ksenija','Pavišić',21000,10000,'1983-09-13','1309983330133');
Insert into STUD (MBRSTUD,IMESTUD,PREZSTUD,PBRROD,PBRSTAN,DATRODSTUD,JMBGSTUD) values (1235,'Lea','Kamenečki',10000,10000,'1987-01-27','2701987390007');
Insert into STUD (MBRSTUD,IMESTUD,PREZSTUD,PBRROD,PBRSTAN,DATRODSTUD,JMBGSTUD) values (1237,'Luka','Frankola',21000,21000,'1987-08-17','1708987320002');
Insert into STUD (MBRSTUD,IMESTUD,PREZSTUD,PBRROD,PBRSTAN,DATRODSTUD,JMBGSTUD) values (1238,'Tihomir','Crnković',10000,10000,'1986-06-20','2006986339303');
Insert into STUD (MBRSTUD,IMESTUD,PREZSTUD,PBRROD,PBRSTAN,DATRODSTUD,JMBGSTUD) values (1245,'Dujo Davor','Folnegović',10360,10000,'1986-11-03','0311986391518');
Insert into STUD (MBRSTUD,IMESTUD,PREZSTUD,PBRROD,PBRSTAN,DATRODSTUD,JMBGSTUD) values (1246,'Roko','Novosel',20340,10000,'1987-04-02','0204987335091');
Insert into STUD (MBRSTUD,IMESTUD,PREZSTUD,PBRROD,PBRSTAN,DATRODSTUD,JMBGSTUD) values (1247,'Alan','Pasanec',21450,10000,'1986-09-27','2709986330071');
Insert into STUD (MBRSTUD,IMESTUD,PREZSTUD,PBRROD,PBRSTAN,DATRODSTUD,JMBGSTUD) values (1249,'Maja','Belić',32280,10000,'1987-06-10','1006987330109');
Insert into STUD (MBRSTUD,IMESTUD,PREZSTUD,PBRROD,PBRSTAN,DATRODSTUD,JMBGSTUD) values (1262,'Maja','Šeremet',40000,10000,'1986-12-15','1512986311413');
Insert into STUD (MBRSTUD,IMESTUD,PREZSTUD,PBRROD,PBRSTAN,DATRODSTUD,JMBGSTUD) values (1263,'Davor','Plečko',42000,42000,'1987-01-03','0301987392729');
Insert into STUD (MBRSTUD,IMESTUD,PREZSTUD,PBRROD,PBRSTAN,DATRODSTUD,JMBGSTUD) values (1265,'Marija','Barbić',31000,31000,'1987-07-10','1007987330096');
Insert into STUD (MBRSTUD,IMESTUD,PREZSTUD,PBRROD,PBRSTAN,DATRODSTUD,JMBGSTUD) values (1266,'Eduard','Petrović',21000,21000,'1986-09-23','2309986383927');
Insert into STUD (MBRSTUD,IMESTUD,PREZSTUD,PBRROD,PBRSTAN,DATRODSTUD,JMBGSTUD) values (1267,'Adrijan','Vuković',44400,10000,'1985-07-09','0907985330073');
Insert into STUD (MBRSTUD,IMESTUD,PREZSTUD,PBRROD,PBRSTAN,DATRODSTUD,JMBGSTUD) values (1268,'Adrijana','Buršić',34000,10000,'1987-05-17','1705987320026');
Insert into STUD (MBRSTUD,IMESTUD,PREZSTUD,PBRROD,PBRSTAN,DATRODSTUD,JMBGSTUD) values (1270,'Nino','Triska',10000,10000,'1987-04-23','2304987334318');
Insert into STUD (MBRSTUD,IMESTUD,PREZSTUD,PBRROD,PBRSTAN,DATRODSTUD,JMBGSTUD) values (1271,'Marijan','Mirošević',20000,10000,'1987-08-25','2508987334008');
Insert into STUD (MBRSTUD,IMESTUD,PREZSTUD,PBRROD,PBRSTAN,DATRODSTUD,JMBGSTUD) values (1272,'Emil','Sertić',21000,10000,'1987-04-07','0704987820084');
Insert into STUD (MBRSTUD,IMESTUD,PREZSTUD,PBRROD,PBRSTAN,DATRODSTUD,JMBGSTUD) values (1274,'Silvestar','Sabljak',21000,10000,'1986-05-13','1305986335045');
Insert into STUD (MBRSTUD,IMESTUD,PREZSTUD,PBRROD,PBRSTAN,DATRODSTUD,JMBGSTUD) values (1275,'Dubravko','Toth',10000,10000,'1987-06-30','3006987361927');
Insert into STUD (MBRSTUD,IMESTUD,PREZSTUD,PBRROD,PBRSTAN,DATRODSTUD,JMBGSTUD) values (1276,'Filip','Jurić',20000,10000,'1987-05-02','0205987303209');
Insert into STUD (MBRSTUD,IMESTUD,PREZSTUD,PBRROD,PBRSTAN,DATRODSTUD,JMBGSTUD) values (1278,'Gordan','Dular',10000,20000,'1986-11-27','2711986317209');
Insert into STUD (MBRSTUD,IMESTUD,PREZSTUD,PBRROD,PBRSTAN,DATRODSTUD,JMBGSTUD) values (1279,'Martina','Krizmanić',20000,10000,'1987-01-08','0801987383921');
Insert into STUD (MBRSTUD,IMESTUD,PREZSTUD,PBRROD,PBRSTAN,DATRODSTUD,JMBGSTUD) values (1280,'Marin','Jurić',21000,10000,'1986-10-24','2410986311907');
Insert into STUD (MBRSTUD,IMESTUD,PREZSTUD,PBRROD,PBRSTAN,DATRODSTUD,JMBGSTUD) values (1282,'Alan','Matuna',20000,10000,'1987-01-30','3001987334042');
Insert into STUD (MBRSTUD,IMESTUD,PREZSTUD,PBRROD,PBRSTAN,DATRODSTUD,JMBGSTUD) values (1288,'Mirjana','Iveković',20000,20000,'1987-02-27','2702987320504');
Insert into STUD (MBRSTUD,IMESTUD,PREZSTUD,PBRROD,PBRSTAN,DATRODSTUD,JMBGSTUD) values (1290,'Slavica','Pavić',20000,22000,'1986-12-18','1812986321406');
Insert into STUD (MBRSTUD,IMESTUD,PREZSTUD,PBRROD,PBRSTAN,DATRODSTUD,JMBGSTUD) values (1291,'Gordan','Kačar',21000,21000,'1986-11-13','1311986330125');
Insert into STUD (MBRSTUD,IMESTUD,PREZSTUD,PBRROD,PBRSTAN,DATRODSTUD,JMBGSTUD) values (1292,'Juraj','Sabljak',10000,20000,'1987-02-24','2402987330075');
Insert into STUD (MBRSTUD,IMESTUD,PREZSTUD,PBRROD,PBRSTAN,DATRODSTUD,JMBGSTUD) values (1294,'Iva','Devčić',10000,10000,'1987-03-19','1903987330067');
Insert into STUD (MBRSTUD,IMESTUD,PREZSTUD,PBRROD,PBRSTAN,DATRODSTUD,JMBGSTUD) values (1295,'Frane','Plavetić',21000,10000,'1987-01-04','0401987330138');
Insert into STUD (MBRSTUD,IMESTUD,PREZSTUD,PBRROD,PBRSTAN,DATRODSTUD,JMBGSTUD) values (1296,'Slavko','Petreković',10000,20000,'1987-07-21','2107987330036');
Insert into STUD (MBRSTUD,IMESTUD,PREZSTUD,PBRROD,PBRSTAN,DATRODSTUD,JMBGSTUD) values (1298,'Marinko','Horvat',10000,20000,'1987-04-09','0904987390303');
Insert into STUD (MBRSTUD,IMESTUD,PREZSTUD,PBRROD,PBRSTAN,DATRODSTUD,JMBGSTUD) values (1299,'Davorka','Ilić',51000,51000,'1987-04-13','1304987380055');
Insert into STUD (MBRSTUD,IMESTUD,PREZSTUD,PBRROD,PBRSTAN,DATRODSTUD,JMBGSTUD) values (1300,'Alenka','Lozić',51000,51000,'1987-07-20','2007987330193');
Insert into STUD (MBRSTUD,IMESTUD,PREZSTUD,PBRROD,PBRSTAN,DATRODSTUD,JMBGSTUD) values (1302,'Lovre','Smiljanec',31000,10000,'1987-04-15','1504987381105');
Insert into STUD (MBRSTUD,IMESTUD,PREZSTUD,PBRROD,PBRSTAN,DATRODSTUD,JMBGSTUD) values (1303,'Juraj','Szirovicza',31000,31000,'1987-05-21','2105987330039');
Insert into STUD (MBRSTUD,IMESTUD,PREZSTUD,PBRROD,PBRSTAN,DATRODSTUD,JMBGSTUD) values (1304,'Mario','Babić',31000,10000,'1986-07-29','2907986381518');
Insert into STUD (MBRSTUD,IMESTUD,PREZSTUD,PBRROD,PBRSTAN,DATRODSTUD,JMBGSTUD) values (1306,'Helena','Octenjak',47000,47000,'1985-07-11','1107985330042');
Insert into STUD (MBRSTUD,IMESTUD,PREZSTUD,PBRROD,PBRSTAN,DATRODSTUD,JMBGSTUD) values (1307,'Franjo','Zdilar',47000,10000,'1986-09-14','1409986330314');
Insert into STUD (MBRSTUD,IMESTUD,PREZSTUD,PBRROD,PBRSTAN,DATRODSTUD,JMBGSTUD) values (1308,'Stipe','Pugelnik',22000,22000,'1986-11-30','3011986391814');
Insert into STUD (MBRSTUD,IMESTUD,PREZSTUD,PBRROD,PBRSTAN,DATRODSTUD,JMBGSTUD) values (1310,'Marko','Mateković',48000,10000,'1987-06-19','1906987334006');
Insert into STUD (MBRSTUD,IMESTUD,PREZSTUD,PBRROD,PBRSTAN,DATRODSTUD,JMBGSTUD) values (1311,'Goran','Remenar',40000,40000,'1986-05-18','1805986390118');
Insert into STUD (MBRSTUD,IMESTUD,PREZSTUD,PBRROD,PBRSTAN,DATRODSTUD,JMBGSTUD) values (1312,'Nina','Kućan',33000,10000,'1987-06-23','2306987330144');
Insert into STUD (MBRSTUD,IMESTUD,PREZSTUD,PBRROD,PBRSTAN,DATRODSTUD,JMBGSTUD) values (1314,'Marko','Suhina',52000,52000,'1986-10-26','2610986330097');
Insert into STUD (MBRSTUD,IMESTUD,PREZSTUD,PBRROD,PBRSTAN,DATRODSTUD,JMBGSTUD) values (1332,'Svebor','Keščec',10000,10000,'1987-02-07','0702987383308');
Insert into STUD (MBRSTUD,IMESTUD,PREZSTUD,PBRROD,PBRSTAN,DATRODSTUD,JMBGSTUD) values (1333,'Adrijan','Fabrični',20000,10000,'1986-09-02','0209986391807');
Insert into STUD (MBRSTUD,IMESTUD,PREZSTUD,PBRROD,PBRSTAN,DATRODSTUD,JMBGSTUD) values (1335,'Andrija','Topolovac',10000,10000,'1987-04-16','1604987391514');
Insert into STUD (MBRSTUD,IMESTUD,PREZSTUD,PBRROD,PBRSTAN,DATRODSTUD,JMBGSTUD) values (1336,'Slavko','Hrvojević',20000,20000,'1987-06-27','2706987350009');
Insert into STUD (MBRSTUD,IMESTUD,PREZSTUD,PBRROD,PBRSTAN,DATRODSTUD,JMBGSTUD) values (1337,'Mate','Crnjak',21000,21000,'1987-01-17','1701987360076');
Insert into STUD (MBRSTUD,IMESTUD,PREZSTUD,PBRROD,PBRSTAN,DATRODSTUD,JMBGSTUD) values (1339,'Andro','Popović',21000,21000,'1986-12-22','2212986330067');


Insert into ORGJED (SIFORGJED,NAZORGJED,SIFNADORGJED) values (9996,'Sveučilište u Zagrebu',0);
Insert into ORGJED (SIFORGJED,NAZORGJED,SIFNADORGJED) values (9997,'Sveučilište u Osijeku',0);
Insert into ORGJED (SIFORGJED,NAZORGJED,SIFNADORGJED) values (9998,'Sveučilište u Rijeci',0);
Insert into ORGJED (SIFORGJED,NAZORGJED,SIFNADORGJED) values (9999,'Sveučilište u Splitu',0);
Insert into ORGJED (SIFORGJED,NAZORGJED,SIFNADORGJED) values (6,'Farmaceutsko-biokemijski fakultet',9996);
Insert into ORGJED (SIFORGJED,NAZORGJED,SIFNADORGJED) values (7,'Geodetski fakultet',9996);
Insert into ORGJED (SIFORGJED,NAZORGJED,SIFNADORGJED) values (9,'Filozofski fakultet u Rijeci',9998);
Insert into ORGJED (SIFORGJED,NAZORGJED,SIFNADORGJED) values (10,'Ekonomski fakultet',9997);
Insert into ORGJED (SIFORGJED,NAZORGJED,SIFNADORGJED) values (11,'Kemijsko-tehnološki fakultet',9999);
Insert into ORGJED (SIFORGJED,NAZORGJED,SIFNADORGJED) values (13,'Edukacijsko-rehabilitacijski fakultet',9996);
Insert into ORGJED (SIFORGJED,NAZORGJED,SIFNADORGJED) values (15,'Fakultet političkih znanosti',9996);
Insert into ORGJED (SIFORGJED,NAZORGJED,SIFNADORGJED) values (16,'Fakultet organizacije i informatike u Varaždinu',9996);
Insert into ORGJED (SIFORGJED,NAZORGJED,SIFNADORGJED) values (18,'Pravni fakultet',9999);
Insert into ORGJED (SIFORGJED,NAZORGJED,SIFNADORGJED) values (23,'Fakultet elektrotehnike, strojarstva i brodogradnje',9999);
Insert into ORGJED (SIFORGJED,NAZORGJED,SIFNADORGJED) values (33,'Fakultet za turizam i vanjsku trgovinu',9999);
Insert into ORGJED (SIFORGJED,NAZORGJED,SIFNADORGJED) values (34,'Fakultet za fizičku kulturu',9996);
Insert into ORGJED (SIFORGJED,NAZORGJED,SIFNADORGJED) values (36,'Fakultet elektrotehnike i računarstva',9996);
Insert into ORGJED (SIFORGJED,NAZORGJED,SIFNADORGJED) values (37,'Prirodoslovno-matematički fakultet Matematički odjel',9996);
Insert into ORGJED (SIFORGJED,NAZORGJED,SIFNADORGJED) values (53,'Veterinarski fakultet',9996);
Insert into ORGJED (SIFORGJED,NAZORGJED,SIFNADORGJED) values (54,'Arhitektonski fakultet',9996);
Insert into ORGJED (SIFORGJED,NAZORGJED,SIFNADORGJED) values (55,'Ekonomski fakultet',9999);
Insert into ORGJED (SIFORGJED,NAZORGJED,SIFNADORGJED) values (58,'Prehrambeno-biotehnološki fakultet',9996);
Insert into ORGJED (SIFORGJED,NAZORGJED,SIFNADORGJED) values (62,'Medicinski fakultet',9998);
Insert into ORGJED (SIFORGJED,NAZORGJED,SIFNADORGJED) values (63,'Medicinski fakultet',9999);
Insert into ORGJED (SIFORGJED,NAZORGJED,SIFNADORGJED) values (65,'Stomatološki fakultet',9996);
Insert into ORGJED (SIFORGJED,NAZORGJED,SIFNADORGJED) values (66,'Pravni fakultet',9996);
Insert into ORGJED (SIFORGJED,NAZORGJED,SIFNADORGJED) values (67,'Ekonomski fakultet',9996);
Insert into ORGJED (SIFORGJED,NAZORGJED,SIFNADORGJED) values (68,'Šumarski fakultet',9996);
Insert into ORGJED (SIFORGJED,NAZORGJED,SIFNADORGJED) values (69,'Tehnički fakultet',9998);
Insert into ORGJED (SIFORGJED,NAZORGJED,SIFNADORGJED) values (70,'Filozofski fakultet',9999);
Insert into ORGJED (SIFORGJED,NAZORGJED,SIFNADORGJED) values (79,'Poljoprivredni fakultet',9997);
Insert into ORGJED (SIFORGJED,NAZORGJED,SIFNADORGJED) values (81,'Ekonomski fakultet',9998);
Insert into ORGJED (SIFORGJED,NAZORGJED,SIFNADORGJED) values (82,'Građevinski fakultet',9996);
Insert into ORGJED (SIFORGJED,NAZORGJED,SIFNADORGJED) values (83,'Građevinski fakultet',9999);
Insert into ORGJED (SIFORGJED,NAZORGJED,SIFNADORGJED) values (108,'Medicinski fakultet',9996);
Insert into ORGJED (SIFORGJED,NAZORGJED,SIFNADORGJED) values (111,'Pravni fakultet',9997);
Insert into ORGJED (SIFORGJED,NAZORGJED,SIFNADORGJED) values (113,'Prehrambeno tehnološki fakultet',9997);
Insert into ORGJED (SIFORGJED,NAZORGJED,SIFNADORGJED) values (114,'Građevinski fakultet',9998);
Insert into ORGJED (SIFORGJED,NAZORGJED,SIFNADORGJED) values (115,'Pravni fakultet',9998);
Insert into ORGJED (SIFORGJED,NAZORGJED,SIFNADORGJED) values (116,'Hotelijerski fakultet',9998);
Insert into ORGJED (SIFORGJED,NAZORGJED,SIFNADORGJED) values (117,'Tekstilno-tehnološki fakultet',9996);
Insert into ORGJED (SIFORGJED,NAZORGJED,SIFNADORGJED) values (119,'Prirodoslovno-matematički fakultet Prirodoslovni odsjeci',9996);
Insert into ORGJED (SIFORGJED,NAZORGJED,SIFNADORGJED) values (120,'Fakultet strojarstva i brodogradnje',9996);
Insert into ORGJED (SIFORGJED,NAZORGJED,SIFNADORGJED) values (122,'Pedagoški fakultet',9997);
Insert into ORGJED (SIFORGJED,NAZORGJED,SIFNADORGJED) values (124,'Metalurški fakultet',9996);
Insert into ORGJED (SIFORGJED,NAZORGJED,SIFNADORGJED) values (125,'Fakultet kemijskog inženjerstva i tehnologije',9996);
Insert into ORGJED (SIFORGJED,NAZORGJED,SIFNADORGJED) values (128,'Grafički fakultet',9996);
Insert into ORGJED (SIFORGJED,NAZORGJED,SIFNADORGJED) values (130,'Filozofski fakultet',9996);
Insert into ORGJED (SIFORGJED,NAZORGJED,SIFNADORGJED) values (131,'Učiteljska akademija',9996);
Insert into ORGJED (SIFORGJED,NAZORGJED,SIFNADORGJED) values (135,'Fakultet prometnih znanosti',9996);
Insert into ORGJED (SIFORGJED,NAZORGJED,SIFNADORGJED) values (140,'Filozofski fakultet u Puli',9998);
Insert into ORGJED (SIFORGJED,NAZORGJED,SIFNADORGJED) values (145,'Fakultet ekonomije i turizma "Dr. Mijo Mirković"',9998);
Insert into ORGJED (SIFORGJED,NAZORGJED,SIFNADORGJED) values (149,'Građevinski fakultet',9997);
Insert into ORGJED (SIFORGJED,NAZORGJED,SIFNADORGJED) values (152,'Strojarski fakultet',9997);
Insert into ORGJED (SIFORGJED,NAZORGJED,SIFNADORGJED) values (160,'Geotehnički fakultet',9996);
Insert into ORGJED (SIFORGJED,NAZORGJED,SIFNADORGJED) values (165,'Elektrotehnički fakultet',9997);
Insert into ORGJED (SIFORGJED,NAZORGJED,SIFNADORGJED) values (177,'Fakultet prirodoslovno matematičkih znanosti i odgojnih podr',9999);
Insert into ORGJED (SIFORGJED,NAZORGJED,SIFNADORGJED) values (178,'Agronomski fakultet',9996);
Insert into ORGJED (SIFORGJED,NAZORGJED,SIFNADORGJED) values (195,'Rudarsko-geološko-naftni fakultet',9996);
Insert into ORGJED (SIFORGJED,NAZORGJED,SIFNADORGJED) values (203,'Katolički bogoslovni fakultet',9996);
Insert into ORGJED (SIFORGJED,NAZORGJED,SIFNADORGJED) values (215,'Umjetnička akademija',9999);
Insert into ORGJED (SIFORGJED,NAZORGJED,SIFNADORGJED) values (224,'Sveučilište u Dubrovniku',0);
Insert into ORGJED (SIFORGJED,NAZORGJED,SIFNADORGJED) values (236,'Medicinski fakultet',9997);
Insert into ORGJED (SIFORGJED,NAZORGJED,SIFNADORGJED) values (239,'Odjel za pomorstvo u Rijeci',9998);
Insert into ORGJED (SIFORGJED,NAZORGJED,SIFNADORGJED) values (245,'Odjel za pomorstvo u Splitu',9999);
Insert into ORGJED (SIFORGJED,NAZORGJED,SIFNADORGJED) values (262,'Visoka učiteljska škola',9999);
Insert into ORGJED (SIFORGJED,NAZORGJED,SIFNADORGJED) values (263,'Visoka učiteljska škola',9999);
Insert into ORGJED (SIFORGJED,NAZORGJED,SIFNADORGJED) values (264,'Visoka učiteljska škola',9998);
Insert into ORGJED (SIFORGJED,NAZORGJED,SIFNADORGJED) values (265,'Visoka učiteljska škola',9998);
Insert into ORGJED (SIFORGJED,NAZORGJED,SIFNADORGJED) values (266,'Visoka učiteljska škola',9998);
Insert into ORGJED (SIFORGJED,NAZORGJED,SIFNADORGJED) values (267,'Visoka učiteljska škola',9997);
Insert into ORGJED (SIFORGJED,NAZORGJED,SIFNADORGJED) values (302,'Studij poslovne informatike',9996);
Insert into ORGJED (SIFORGJED,NAZORGJED,SIFNADORGJED) values (381,'Akademija likovnih umjetnosti',9996);
Insert into ORGJED (SIFORGJED,NAZORGJED,SIFNADORGJED) values (1053,'Akademija dramske umjetnosti',9996);
Insert into ORGJED (SIFORGJED,NAZORGJED,SIFNADORGJED) values (1298,'Katolički bogoslovni fakultet',9999);
Insert into ORGJED (SIFORGJED,NAZORGJED,SIFNADORGJED) values (1349,'Muzička akademija',9996);
Insert into ORGJED (SIFORGJED,NAZORGJED,SIFNADORGJED) values (2223,'Hrvatski studiji',9996);
Insert into ORGJED (SIFORGJED,NAZORGJED,SIFNADORGJED) values (2241,'Nautički odjel',224);
Insert into ORGJED (SIFORGJED,NAZORGJED,SIFNADORGJED) values (2242,'Strojarski odjel',224);
Insert into ORGJED (SIFORGJED,NAZORGJED,SIFNADORGJED) values (2243,'Odjel elektrotehnike i računarstva',224);
Insert into ORGJED (SIFORGJED,NAZORGJED,SIFNADORGJED) values (2244,'Turistički odjel',224);
Insert into ORGJED (SIFORGJED,NAZORGJED,SIFNADORGJED) values (100001,'Zavod za primijenjenu fiziku',36);
Insert into ORGJED (SIFORGJED,NAZORGJED,SIFNADORGJED) values (100002,'Zavod za primijenjenu matematiku',36);
Insert into ORGJED (SIFORGJED,NAZORGJED,SIFNADORGJED) values (100003,'Zavod za osnove elektrotehnike i električka mjerenja',36);
Insert into ORGJED (SIFORGJED,NAZORGJED,SIFNADORGJED) values (100004,'Zavod za elektrostrojarstvo i automatizaciju',36);
Insert into ORGJED (SIFORGJED,NAZORGJED,SIFNADORGJED) values (100005,'Zavod za visoki napon i energetiku',36);
Insert into ORGJED (SIFORGJED,NAZORGJED,SIFNADORGJED) values (100006,'Zavod za telekomunikacije',36);
Insert into ORGJED (SIFORGJED,NAZORGJED,SIFNADORGJED) values (100007,'Zavod za elektroničke sustave i obradbu informacija',36);
Insert into ORGJED (SIFORGJED,NAZORGJED,SIFNADORGJED) values (100008,'Zavod za automatiku i procesno računarstvo',36);
Insert into ORGJED (SIFORGJED,NAZORGJED,SIFNADORGJED) values (100009,'Zavod za elektroakustiku',36);
Insert into ORGJED (SIFORGJED,NAZORGJED,SIFNADORGJED) values (100010,'Zavod za elektroniku, mikroelektroniku, računalne i intelige',36);
Insert into ORGJED (SIFORGJED,NAZORGJED,SIFNADORGJED) values (100011,'Zavod za radiokomunikacije i visokofrekvencijsku elektroniku',36);
Insert into ORGJED (SIFORGJED,NAZORGJED,SIFNADORGJED) values (100012,'Centar informacijske potpore',36);
Insert into ORGJED (SIFORGJED,NAZORGJED,SIFNADORGJED) values (100017,'Tajništvo',36);
Insert into ORGJED (SIFORGJED,NAZORGJED,SIFNADORGJED) values (100020,'Računovodstvo',100017);
Insert into ORGJED (SIFORGJED,NAZORGJED,SIFNADORGJED) values (100013,'Služba održavanja',100017);
Insert into ORGJED (SIFORGJED,NAZORGJED,SIFNADORGJED) values (100015,'Studentska služba',100017);
Insert into ORGJED (SIFORGJED,NAZORGJED,SIFNADORGJED) values (100016,'Opća i kadrovska služba',100017);
Insert into ORGJED (SIFORGJED,NAZORGJED,SIFNADORGJED) values (100021,'Bibliotekarska služba',100017);
Insert into ORGJED (SIFORGJED,NAZORGJED,SIFNADORGJED) values (100023,'Grupa za fiziku',100001);
Insert into ORGJED (SIFORGJED,NAZORGJED,SIFNADORGJED) values (100024,'Grupa fizikalnih osnova novih energetskih tehnologija',100001);
Insert into ORGJED (SIFORGJED,NAZORGJED,SIFNADORGJED) values (100025,'Grupa za primijenjenu matematiku',100002);
Insert into ORGJED (SIFORGJED,NAZORGJED,SIFNADORGJED) values (100026,'Grupa računarskih znanosti',100002);
Insert into ORGJED (SIFORGJED,NAZORGJED,SIFNADORGJED) values (100027,'Grupa za osnove elektrotehnike',100003);
Insert into ORGJED (SIFORGJED,NAZORGJED,SIFNADORGJED) values (100028,'Grupa za mjerenja u elektrotehnici',100003);
Insert into ORGJED (SIFORGJED,NAZORGJED,SIFNADORGJED) values (100029,'Grupa za električne strojeve',100004);
Insert into ORGJED (SIFORGJED,NAZORGJED,SIFNADORGJED) values (100030,'Grupa za regulaciju električnih strojeva',100004);
Insert into ORGJED (SIFORGJED,NAZORGJED,SIFNADORGJED) values (100031,'Grupa za tehnologiju',100004);
Insert into ORGJED (SIFORGJED,NAZORGJED,SIFNADORGJED) values (100032,'Grupa za mehaničke konstrukcije',100004);
Insert into ORGJED (SIFORGJED,NAZORGJED,SIFNADORGJED) values (100033,'Grupa za električne aparate',100004);
Insert into ORGJED (SIFORGJED,NAZORGJED,SIFNADORGJED) values (100034,'Grupa za energetsku elektroniku',100004);
Insert into ORGJED (SIFORGJED,NAZORGJED,SIFNADORGJED) values (100035,'Grupa za elektrometriju',36);
Insert into ORGJED (SIFORGJED,NAZORGJED,SIFNADORGJED) values (100036,'Grupa za električnu vuču',100004);
Insert into ORGJED (SIFORGJED,NAZORGJED,SIFNADORGJED) values (100037,'Grupa za metode organizacije',36);
Insert into ORGJED (SIFORGJED,NAZORGJED,SIFNADORGJED) values (100038,'Grupa za električna postrojenja',100005);
Insert into ORGJED (SIFORGJED,NAZORGJED,SIFNADORGJED) values (100039,'Grupa za nuklearne elektrane',100005);
Insert into ORGJED (SIFORGJED,NAZORGJED,SIFNADORGJED) values (100040,'Grupa za prijenos električne energije',100005);
Insert into ORGJED (SIFORGJED,NAZORGJED,SIFNADORGJED) values (100041,'Grupa za električnu rasvjetu',100005);
Insert into ORGJED (SIFORGJED,NAZORGJED,SIFNADORGJED) values (100042,'Grupa za električne željeznice',100005);
Insert into ORGJED (SIFORGJED,NAZORGJED,SIFNADORGJED) values (100043,'Grupa za telekomunikacije i informatiku',100006);
Insert into ORGJED (SIFORGJED,NAZORGJED,SIFNADORGJED) values (100044,'Grupa za mreže, sisteme i signale',100007);
Insert into ORGJED (SIFORGJED,NAZORGJED,SIFNADORGJED) values (100045,'Grupa za elektronička mjerenja i biomedicinsku elektroniku',100007);
Insert into ORGJED (SIFORGJED,NAZORGJED,SIFNADORGJED) values (100046,'Grupa za automatsko upravljanje sistemima',100008);
Insert into ORGJED (SIFORGJED,NAZORGJED,SIFNADORGJED) values (100047,'Grupa za računarske sisteme i procese',100008);
Insert into ORGJED (SIFORGJED,NAZORGJED,SIFNADORGJED) values (100048,'Grupa za tonfrekvencijsku i prijemničku elektroniku',100009);
Insert into ORGJED (SIFORGJED,NAZORGJED,SIFNADORGJED) values (100049,'Grupa za akustiku i elektroakustiku',100009);
Insert into ORGJED (SIFORGJED,NAZORGJED,SIFNADORGJED) values (100050,'Grupa za elektroničke sklopove',100010);
Insert into ORGJED (SIFORGJED,NAZORGJED,SIFNADORGJED) values (100051,'Grupa za računarsku tehniku',100010);
Insert into ORGJED (SIFORGJED,NAZORGJED,SIFNADORGJED) values (100052,'Grupa za radiokomunikacijske sustave',100011);
Insert into ORGJED (SIFORGJED,NAZORGJED,SIFNADORGJED) values (100053,'Grupa za visokofrekvencijsku elektroniku',100011);
Insert into ORGJED (SIFORGJED,NAZORGJED,SIFNADORGJED) values (100054,'Grupa za strani jezik',100002);
Insert into ORGJED (SIFORGJED,NAZORGJED,SIFNADORGJED) values (100062,'Grupa za teoretsku elektrotehniku',100003);
Insert into ORGJED (SIFORGJED,NAZORGJED,SIFNADORGJED) values (100063,'Grupa za energetsku elektrotehniku',100004);


Insert into PRED (SIFPRED,KRATPRED,NAZPRED,SIFORGJED,UPISANOSTUD,BROJSATITJEDNO) values (580,'ZRS01A1','Adaptivno i robusno upravljanje',100008,0,3);
Insert into PRED (SIFPRED,KRATPRED,NAZPRED,SIFORGJED,UPISANOSTUD,BROJSATITJEDNO) values (588,'ZRS05B1','Inteligentno upravljanje sustavima',100008,0,4);
Insert into PRED (SIFPRED,KRATPRED,NAZPRED,SIFORGJED,UPISANOSTUD,BROJSATITJEDNO) values (589,'ZRS09B1','Identifikacija procesa',100008,70,2);
Insert into PRED (SIFPRED,KRATPRED,NAZPRED,SIFORGJED,UPISANOSTUD,BROJSATITJEDNO) values (590,'ZRS06B1','Automatizacija brodskih procesa',100008,1,2);
Insert into PRED (SIFPRED,KRATPRED,NAZPRED,SIFORGJED,UPISANOSTUD,BROJSATITJEDNO) values (594,'ZES09B1','Elektronički pretvarači za elektromotorne pogone',100010,23,3);
Insert into PRED (SIFPRED,KRATPRED,NAZPRED,SIFORGJED,UPISANOSTUD,BROJSATITJEDNO) values (595,'ESA15O8','Automatizirana ispitivanja elektrotehničkih uređaja',100004,0,0);
Insert into PRED (SIFPRED,KRATPRED,NAZPRED,SIFORGJED,UPISANOSTUD,BROJSATITJEDNO) values (596,'ZRS02A1','Alarmni sustavi',100008,5,2);
Insert into PRED (SIFPRED,KRATPRED,NAZPRED,SIFORGJED,UPISANOSTUD,BROJSATITJEDNO) values (604,'ZES16A1','Sinkroni strojevi i uzbude',100004,0,3);
Insert into PRED (SIFPRED,KRATPRED,NAZPRED,SIFORGJED,UPISANOSTUD,BROJSATITJEDNO) values (605,'ZRS07B1','Odabrana poglavlja iz programskog inženjerstva',100008,1,0);
Insert into PRED (SIFPRED,KRATPRED,NAZPRED,SIFORGJED,UPISANOSTUD,BROJSATITJEDNO) values (607,'ZVF11B1','Projektiranje radiofrekvencijskih pojačala',100011,20,3);
Insert into PRED (SIFPRED,KRATPRED,NAZPRED,SIFORGJED,UPISANOSTUD,BROJSATITJEDNO) values (611,'ZRS03B1','Vođenje i upravljanje plovila',100008,1,4);
Insert into PRED (SIFPRED,KRATPRED,NAZPRED,SIFORGJED,UPISANOSTUD,BROJSATITJEDNO) values (609,'ZVF04A1','Numerički postupci u radiokomunikacijama',100011,23,1);
Insert into PRED (SIFPRED,KRATPRED,NAZPRED,SIFORGJED,UPISANOSTUD,BROJSATITJEDNO) values (612,'ZRS08B1','Realizacija upravljačkih algoritama i računalnih arhitektura',100008,0,2);
Insert into PRED (SIFPRED,KRATPRED,NAZPRED,SIFORGJED,UPISANOSTUD,BROJSATITJEDNO) values (610,'ZRS10B1','Vođenje projekata automatike',100008,0,3);
Insert into PRED (SIFPRED,KRATPRED,NAZPRED,SIFORGJED,UPISANOSTUD,BROJSATITJEDNO) values (615,'ZVF09B1','Tehnologija radiofrekvencijskih komponenata',100011,0,0);
Insert into PRED (SIFPRED,KRATPRED,NAZPRED,SIFORGJED,UPISANOSTUD,BROJSATITJEDNO) values (621,'TKI05B1','Razvoj telekomunikacijske programske podrške',100006,1,2);
Insert into PRED (SIFPRED,KRATPRED,NAZPRED,SIFORGJED,UPISANOSTUD,BROJSATITJEDNO) values (627,'TKI08B1','Organizacija telekomunikacijske mreže',100006,2,3);
Insert into PRED (SIFPRED,KRATPRED,NAZPRED,SIFORGJED,UPISANOSTUD,BROJSATITJEDNO) values (628,'TKI09B1','Informacijski sustav telekmunikacijske mreže',100006,0,4);
Insert into PRED (SIFPRED,KRATPRED,NAZPRED,SIFORGJED,UPISANOSTUD,BROJSATITJEDNO) values (643,'ESA19O8','Razvoj elektrotehničkih proizvoda',100004,5,2);
Insert into PRED (SIFPRED,KRATPRED,NAZPRED,SIFORGJED,UPISANOSTUD,BROJSATITJEDNO) values (634,'ZVF05A1','Radiotelemetrija',100011,0,2);
Insert into PRED (SIFPRED,KRATPRED,NAZPRED,SIFORGJED,UPISANOSTUD,BROJSATITJEDNO) values (636,'ZEA03A1','Psihoakustika',100009,1,3);
Insert into PRED (SIFPRED,KRATPRED,NAZPRED,SIFORGJED,UPISANOSTUD,BROJSATITJEDNO) values (637,'ZEA05A1','Govorna i glazbena akustika',100009,2,0);
Insert into PRED (SIFPRED,KRATPRED,NAZPRED,SIFORGJED,UPISANOSTUD,BROJSATITJEDNO) values (641,'ESA17O6','Električni strojevi',100004,70,2);
Insert into PRED (SIFPRED,KRATPRED,NAZPRED,SIFORGJED,UPISANOSTUD,BROJSATITJEDNO) values (642,'ESA01O5','Elektromehanička i elektromagnetska pretvorba',100004,0,3);
Insert into PRED (SIFPRED,KRATPRED,NAZPRED,SIFORGJED,UPISANOSTUD,BROJSATITJEDNO) values (652,'ZRS16A2','Fleksibilni proizvodni sustavi',100008,18,1);
Insert into PRED (SIFPRED,KRATPRED,NAZPRED,SIFORGJED,UPISANOSTUD,BROJSATITJEDNO) values (653,'ZRS08B1','Realizacija algoritama i računalnih arhitektura',100008,1,2);
Insert into PRED (SIFPRED,KRATPRED,NAZPRED,SIFORGJED,UPISANOSTUD,BROJSATITJEDNO) values (654,'Z0M03O3','Mjerenja u elektrotehnici',100003,2,2);
Insert into PRED (SIFPRED,KRATPRED,NAZPRED,SIFORGJED,UPISANOSTUD,BROJSATITJEDNO) values (656,'ZPM06A2','Ergonomija računalne i programske opreme',100002,0,3);
Insert into PRED (SIFPRED,KRATPRED,NAZPRED,SIFORGJED,UPISANOSTUD,BROJSATITJEDNO) values (657,'ZRS09B1','Identifikacija procesa',100008,70,0);
Insert into PRED (SIFPRED,KRATPRED,NAZPRED,SIFORGJED,UPISANOSTUD,BROJSATITJEDNO) values (658,'ZPM07A1','Osnove baza podataka',100002,15,2);
Insert into PRED (SIFPRED,KRATPRED,NAZPRED,SIFORGJED,UPISANOSTUD,BROJSATITJEDNO) values (662,'ENE15O8','Energetika i okoliš',100005,1,3);
Insert into PRED (SIFPRED,KRATPRED,NAZPRED,SIFORGJED,UPISANOSTUD,BROJSATITJEDNO) values (669,'ZOM03O3','Mjerenja u elektrotehnici',100003,2,4);
Insert into PRED (SIFPRED,KRATPRED,NAZPRED,SIFORGJED,UPISANOSTUD,BROJSATITJEDNO) values (301,'EPROC','Energetski procesi',100005,2,2);
Insert into PRED (SIFPRED,KRATPRED,NAZPRED,SIFORGJED,UPISANOSTUD,BROJSATITJEDNO) values (37,'EEL','Energetska elektronika',100005,6,2);
Insert into PRED (SIFPRED,KRATPRED,NAZPRED,SIFORGJED,UPISANOSTUD,BROJSATITJEDNO) values (104,'EEL-IP','Energetska elektronika-izabrana poglavlja',100005,110,3);
Insert into PRED (SIFPRED,KRATPRED,NAZPRED,SIFORGJED,UPISANOSTUD,BROJSATITJEDNO) values (105,'EEL','Energetska elektronika',100005,1,0);
Insert into PRED (SIFPRED,KRATPRED,NAZPRED,SIFORGJED,UPISANOSTUD,BROJSATITJEDNO) values (392,'ESA02O5','Energetska elektronika',100004,2,2);
Insert into PRED (SIFPRED,KRATPRED,NAZPRED,SIFORGJED,UPISANOSTUD,BROJSATITJEDNO) values (554,'ESA02O5','Energetska elektronika',100004,18,1);
Insert into PRED (SIFPRED,KRATPRED,NAZPRED,SIFORGJED,UPISANOSTUD,BROJSATITJEDNO) values (169,'RAKOM','Radiokomunikacije',100011,1,0);
Insert into PRED (SIFPRED,KRATPRED,NAZPRED,SIFORGJED,UPISANOSTUD,BROJSATITJEDNO) values (515,'ZVF01A1','Radiolokacija i navigacija',100011,10,2);
Insert into PRED (SIFPRED,KRATPRED,NAZPRED,SIFORGJED,UPISANOSTUD,BROJSATITJEDNO) values (99,'EKONEN','Ekonomika u energetici',100005,21,2);
Insert into PRED (SIFPRED,KRATPRED,NAZPRED,SIFORGJED,UPISANOSTUD,BROJSATITJEDNO) values (181,'STAEES','Stabilnost elektroenergetskih sistema',100005,2,3);
Insert into PRED (SIFPRED,KRATPRED,NAZPRED,SIFORGJED,UPISANOSTUD,BROJSATITJEDNO) values (209,'ELENS','Elektroenergetski sistem',100005,10,0);
Insert into PRED (SIFPRED,KRATPRED,NAZPRED,SIFORGJED,UPISANOSTUD,BROJSATITJEDNO) values (489,'RKP08O7','Osnove radiokomunikacijskih sustava',100011,6,2);
Insert into PRED (SIFPRED,KRATPRED,NAZPRED,SIFORGJED,UPISANOSTUD,BROJSATITJEDNO) values (509,'ZFI03A2','Fizika lasera',100001,0,3);
Insert into PRED (SIFPRED,KRATPRED,NAZPRED,SIFORGJED,UPISANOSTUD,BROJSATITJEDNO) values (166,'ZPM06A2','Projektiranje programske podrške',100002,1,4);
Insert into PRED (SIFPRED,KRATPRED,NAZPRED,SIFORGJED,UPISANOSTUD,BROJSATITJEDNO) values (650,'ZPM05O2','Programiranje',100002,17,2);
Insert into PRED (SIFPRED,KRATPRED,NAZPRED,SIFORGJED,UPISANOSTUD,BROJSATITJEDNO) values (303,'MAT1','Matematika I',100002,6,3);
Insert into PRED (SIFPRED,KRATPRED,NAZPRED,SIFORGJED,UPISANOSTUD,BROJSATITJEDNO) values (277,'TEOREL','Teoretska elektrotehnika',100003,1,1);
Insert into PRED (SIFPRED,KRATPRED,NAZPRED,SIFORGJED,UPISANOSTUD,BROJSATITJEDNO) values (162,'PIESS','Projektiranje integriranih elektroničkih sklopova',100010,0,2);
Insert into PRED (SIFPRED,KRATPRED,NAZPRED,SIFORGJED,UPISANOSTUD,BROJSATITJEDNO) values (229,'OEEN','Osnove elektroenergetike',100005,25,3);
Insert into PRED (SIFPRED,KRATPRED,NAZPRED,SIFORGJED,UPISANOSTUD,BROJSATITJEDNO) values (393,'ESA03O5','Elektrotehnički materijali i tehnologija',100004,110,4);
Insert into PRED (SIFPRED,KRATPRED,NAZPRED,SIFORGJED,UPISANOSTUD,BROJSATITJEDNO) values (423,'IRB01A1','Fizika poluvodiča',100001,11,2);
Insert into PRED (SIFPRED,KRATPRED,NAZPRED,SIFORGJED,UPISANOSTUD,BROJSATITJEDNO) values (305,'MAT3','Matematika III',100002,17,2);
Insert into PRED (SIFPRED,KRATPRED,NAZPRED,SIFORGJED,UPISANOSTUD,BROJSATITJEDNO) values (304,'MAT2','Matematika II',100002,6,2);
Insert into PRED (SIFPRED,KRATPRED,NAZPRED,SIFORGJED,UPISANOSTUD,BROJSATITJEDNO) values (288,'INE03O6','Elektronička instrumentacija',100010,15,1);
Insert into PRED (SIFPRED,KRATPRED,NAZPRED,SIFORGJED,UPISANOSTUD,BROJSATITJEDNO) values (286,'RALOTE','Radiolokacija i radiotelemetrija',100011,13,2);
Insert into PRED (SIFPRED,KRATPRED,NAZPRED,SIFORGJED,UPISANOSTUD,BROJSATITJEDNO) values (285,'RADAR','Radari i radiokomunikacije',100011,2,3);
Insert into PRED (SIFPRED,KRATPRED,NAZPRED,SIFORGJED,UPISANOSTUD,BROJSATITJEDNO) values (284,'ELSKLOP','Elektronički sklopovi',100010,10,4);
Insert into PRED (SIFPRED,KRATPRED,NAZPRED,SIFORGJED,UPISANOSTUD,BROJSATITJEDNO) values (282,'EENMR1','Elektroenergetske mreže I',100005,5,2);
Insert into PRED (SIFPRED,KRATPRED,NAZPRED,SIFORGJED,UPISANOSTUD,BROJSATITJEDNO) values (278,'EENMR3','Elektroenergetske mreže III',100005,5,2);
Insert into PRED (SIFPRED,KRATPRED,NAZPRED,SIFORGJED,UPISANOSTUD,BROJSATITJEDNO) values (273,'OE','Osnove elektrotehnike',100003,2,0);
Insert into PRED (SIFPRED,KRATPRED,NAZPRED,SIFORGJED,UPISANOSTUD,BROJSATITJEDNO) values (271,'FOE','Fizikalne osnove elektrotehnike',100003,0,2);
Insert into PRED (SIFPRED,KRATPRED,NAZPRED,SIFORGJED,UPISANOSTUD,BROJSATITJEDNO) values (267,'ZFI02O2','Fizika II',100001,2,3);
Insert into PRED (SIFPRED,KRATPRED,NAZPRED,SIFORGJED,UPISANOSTUD,BROJSATITJEDNO) values (266,'ZFI01O1','Fizika I',100001,70,4);
Insert into PRED (SIFPRED,KRATPRED,NAZPRED,SIFORGJED,UPISANOSTUD,BROJSATITJEDNO) values (265,'ELEL1','Elektronički elementi',100010,21,2);
Insert into PRED (SIFPRED,KRATPRED,NAZPRED,SIFORGJED,UPISANOSTUD,BROJSATITJEDNO) values (264,'ELRAČ','Elektronička računala',100010,32,0);
Insert into PRED (SIFPRED,KRATPRED,NAZPRED,SIFORGJED,UPISANOSTUD,BROJSATITJEDNO) values (262,'STOMAT','Stohastička matematika',100002,20,1);
Insert into PRED (SIFPRED,KRATPRED,NAZPRED,SIFORGJED,UPISANOSTUD,BROJSATITJEDNO) values (260,'OES','Osnove električkih strojeva',100004,0,0);
Insert into PRED (SIFPRED,KRATPRED,NAZPRED,SIFORGJED,UPISANOSTUD,BROJSATITJEDNO) values (259,'OPOMAT','Odabrana poglavlja matematike',100002,25,2);
Insert into PRED (SIFPRED,KRATPRED,NAZPRED,SIFORGJED,UPISANOSTUD,BROJSATITJEDNO) values (258,'OPEF','Odabrana poglavlja energetske fizike',100001,1,3);
Insert into PRED (SIFPRED,KRATPRED,NAZPRED,SIFORGJED,UPISANOSTUD,BROJSATITJEDNO) values (256,'NUMAT','Numerička matematika',100002,2,4);
Insert into PRED (SIFPRED,KRATPRED,NAZPRED,SIFORGJED,UPISANOSTUD,BROJSATITJEDNO) values (254,'FIZ3','Fizika III',100001,0,2);
Insert into PRED (SIFPRED,KRATPRED,NAZPRED,SIFORGJED,UPISANOSTUD,BROJSATITJEDNO) values (253,'ESIB','Energetski sistemi i bilance',100005,2,2);
Insert into PRED (SIFPRED,KRATPRED,NAZPRED,SIFORGJED,UPISANOSTUD,BROJSATITJEDNO) values (249,'ELMJE','Elektronička mjerenja i komponente',100010,0,3);
Insert into PRED (SIFPRED,KRATPRED,NAZPRED,SIFORGJED,UPISANOSTUD,BROJSATITJEDNO) values (312,'UNUF','Uvod u nuklearnu fiziku',100001,13,0);
Insert into PRED (SIFPRED,KRATPRED,NAZPRED,SIFORGJED,UPISANOSTUD,BROJSATITJEDNO) values (36,'TEHNO','Elektrotehnička tehnologija',100003,2,2);
Insert into PRED (SIFPRED,KRATPRED,NAZPRED,SIFORGJED,UPISANOSTUD,BROJSATITJEDNO) values (39,'RASAKO','Radiorelejne i satelitske komunikacije',100011,6,3);
Insert into PRED (SIFPRED,KRATPRED,NAZPRED,SIFORGJED,UPISANOSTUD,BROJSATITJEDNO) values (43,'ELAK','Elektroakustika',100009,0,4);
Insert into PRED (SIFPRED,KRATPRED,NAZPRED,SIFORGJED,UPISANOSTUD,BROJSATITJEDNO) values (47,'MUE','Mjerenja u elektrotehnici',100003,0,2);
Insert into PRED (SIFPRED,KRATPRED,NAZPRED,SIFORGJED,UPISANOSTUD,BROJSATITJEDNO) values (53,'ELTER','Elektrotermija',100001,1,1);
Insert into PRED (SIFPRED,KRATPRED,NAZPRED,SIFORGJED,UPISANOSTUD,BROJSATITJEDNO) values (56,'GOMUAK','Govorna i muzička akustika',100009,2,3);
Insert into PRED (SIFPRED,KRATPRED,NAZPRED,SIFORGJED,UPISANOSTUD,BROJSATITJEDNO) values (57,'INSKEE','Integrirani sklopovi energetske elektronike',100005,6,0);
Insert into PRED (SIFPRED,KRATPRED,NAZPRED,SIFORGJED,UPISANOSTUD,BROJSATITJEDNO) values (58,'KOELU','Komponente elektroničkih uređaja i mjerne metode',100010,3,0);
Insert into PRED (SIFPRED,KRATPRED,NAZPRED,SIFORGJED,UPISANOSTUD,BROJSATITJEDNO) values (59,'KVELUR','Kvaliteta elektroakustičkih uređaja',100009,0,3);
Insert into PRED (SIFPRED,KRATPRED,NAZPRED,SIFORGJED,UPISANOSTUD,BROJSATITJEDNO) values (68,'PORAK','Pokretne radiokomunikacije',100011,5,4);
Insert into PRED (SIFPRED,KRATPRED,NAZPRED,SIFORGJED,UPISANOSTUD,BROJSATITJEDNO) values (70,'PRAPO','Projektiranje radiofrekvencijskih pojačala',100011,2,2);
Insert into PRED (SIFPRED,KRATPRED,NAZPRED,SIFORGJED,UPISANOSTUD,BROJSATITJEDNO) values (71,'PROAK','Prostorna akustika',100009,0,2);
Insert into PRED (SIFPRED,KRATPRED,NAZPRED,SIFORGJED,UPISANOSTUD,BROJSATITJEDNO) values (76,'ULHID','Ultrazvuk i hidroakustika',100009,70,3);
Insert into PRED (SIFPRED,KRATPRED,NAZPRED,SIFORGJED,UPISANOSTUD,BROJSATITJEDNO) values (98,'EKELS','Ekonomika elektroničkih sistema',100010,45,0);
Insert into PRED (SIFPRED,KRATPRED,NAZPRED,SIFORGJED,UPISANOSTUD,BROJSATITJEDNO) values (101,'ELSTR1','Električki strojevi I',100004,1,2);
Insert into PRED (SIFPRED,KRATPRED,NAZPRED,SIFORGJED,UPISANOSTUD,BROJSATITJEDNO) values (102,'ELIZNA','Elektronički izvori napajanja',100010,5,3);
Insert into PRED (SIFPRED,KRATPRED,NAZPRED,SIFORGJED,UPISANOSTUD,BROJSATITJEDNO) values (103,'ELKOS','Elektronički komutacijski sistemi',100010,10,4);
Insert into PRED (SIFPRED,KRATPRED,NAZPRED,SIFORGJED,UPISANOSTUD,BROJSATITJEDNO) values (106,'FLASER','Fizika lasera',100001,2,1);
Insert into PRED (SIFPRED,KRATPRED,NAZPRED,SIFORGJED,UPISANOSTUD,BROJSATITJEDNO) values (107,'FOSE','Fizikalne osnove spremanja energije',100001,70,2);
Insert into PRED (SIFPRED,KRATPRED,NAZPRED,SIFORGJED,UPISANOSTUD,BROJSATITJEDNO) values (143,'OPES','Optimalni pogon elektroenergetskog sustava',100005,1,3);
Insert into PRED (SIFPRED,KRATPRED,NAZPRED,SIFORGJED,UPISANOSTUD,BROJSATITJEDNO) values (144,'OETEM','Organizacija i eksploatacija telekomunikacijske mreže',100006,2,0);
Insert into PRED (SIFPRED,KRATPRED,NAZPRED,SIFORGJED,UPISANOSTUD,BROJSATITJEDNO) values (146,'ORAKOM','Osnove radiokomunikacija',100011,8,2);
Insert into PRED (SIFPRED,KRATPRED,NAZPRED,SIFORGJED,UPISANOSTUD,BROJSATITJEDNO) values (147,'OELAK','Osnove elektroakustike',100009,0,3);
Insert into PRED (SIFPRED,KRATPRED,NAZPRED,SIFORGJED,UPISANOSTUD,BROJSATITJEDNO) values (374,'ZRS17A2','Procesna mjerenja',100008,0,2);
Insert into PRED (SIFPRED,KRATPRED,NAZPRED,SIFORGJED,UPISANOSTUD,BROJSATITJEDNO) values (376,'ZRS12A2','Otvoreno računarstvo',100008,0,3);
Insert into PRED (SIFPRED,KRATPRED,NAZPRED,SIFORGJED,UPISANOSTUD,BROJSATITJEDNO) values (382,'ENE02O5','Električni strojevi i transformatori',100004,0,4);
Insert into PRED (SIFPRED,KRATPRED,NAZPRED,SIFORGJED,UPISANOSTUD,BROJSATITJEDNO) values (384,'ZOM04O5','Teorijska elektrotehnika',100003,1,2);
Insert into PRED (SIFPRED,KRATPRED,NAZPRED,SIFORGJED,UPISANOSTUD,BROJSATITJEDNO) values (390,'ESA07O6','Osnove čvrstoće i konstruiranja',100004,2,2);
Insert into PRED (SIFPRED,KRATPRED,NAZPRED,SIFORGJED,UPISANOSTUD,BROJSATITJEDNO) values (164,'PIP','Projektiranje industrijskih postrojenja',100004,0,0);
Insert into PRED (SIFPRED,KRATPRED,NAZPRED,SIFORGJED,UPISANOSTUD,BROJSATITJEDNO) values (167,'PROTEM','Projektiranje telekomunikacijskih mreža',100006,18,1);
Insert into PRED (SIFPRED,KRATPRED,NAZPRED,SIFORGJED,UPISANOSTUD,BROJSATITJEDNO) values (174,'RESE','Regulacija električkih strojeva u elektranama',100004,1,3);
Insert into PRED (SIFPRED,KRATPRED,NAZPRED,SIFORGJED,UPISANOSTUD,BROJSATITJEDNO) values (194,'UNUF','Uvod u nuklearnu fiziku',100001,14,4);
Insert into PRED (SIFPRED,KRATPRED,NAZPRED,SIFORGJED,UPISANOSTUD,BROJSATITJEDNO) values (199,'OSKLOP','Osnovni elektronički sklopovi',100010,0,2);
Insert into PRED (SIFPRED,KRATPRED,NAZPRED,SIFORGJED,UPISANOSTUD,BROJSATITJEDNO) values (207,'TEMRE','Telekomunikacijske mreže',100006,0,2);
Insert into PRED (SIFPRED,KRATPRED,NAZPRED,SIFORGJED,UPISANOSTUD,BROJSATITJEDNO) values (232,'SISTR','Sinkroni strojevi',100004,1,0);
Insert into PRED (SIFPRED,KRATPRED,NAZPRED,SIFORGJED,UPISANOSTUD,BROJSATITJEDNO) values (234,'PTEP','Prelaz topline u energ. postrojenjima',100004,2,0);
Insert into PRED (SIFPRED,KRATPRED,NAZPRED,SIFORGJED,UPISANOSTUD,BROJSATITJEDNO) values (238,'ELSKLOP','Elektronički sklopovi',100010,10,3);
Insert into PRED (SIFPRED,KRATPRED,NAZPRED,SIFORGJED,UPISANOSTUD,BROJSATITJEDNO) values (241,'EINKO','Elektronička instrumentacija i konstrukcije',100010,9,4);
Insert into PRED (SIFPRED,KRATPRED,NAZPRED,SIFORGJED,UPISANOSTUD,BROJSATITJEDNO) values (307,'ISKLOP','Integrirani elektronički sklopovi',100010,0,2);
Insert into PRED (SIFPRED,KRATPRED,NAZPRED,SIFORGJED,UPISANOSTUD,BROJSATITJEDNO) values (378,'ZPM05A2','Matematičke osnove optimalnog upravljanja',100002,25,2);
Insert into PRED (SIFPRED,KRATPRED,NAZPRED,SIFORGJED,UPISANOSTUD,BROJSATITJEDNO) values (414,'ZPM11O5','Programske paradigme i jezici',100002,2,3);
Insert into PRED (SIFPRED,KRATPRED,NAZPRED,SIFORGJED,UPISANOSTUD,BROJSATITJEDNO) values (419,'ZPM02A1','Operacijska istraživanja',100002,10,1);
Insert into PRED (SIFPRED,KRATPRED,NAZPRED,SIFORGJED,UPISANOSTUD,BROJSATITJEDNO) values (425,'ZPM01A1','Stohastički procesi',100002,70,2);
Insert into PRED (SIFPRED,KRATPRED,NAZPRED,SIFORGJED,UPISANOSTUD,BROJSATITJEDNO) values (525,'ZPM03A1','Projektiranje informacijskih sustava',100002,10,3);
Insert into PRED (SIFPRED,KRATPRED,NAZPRED,SIFORGJED,UPISANOSTUD,BROJSATITJEDNO) values (583,'ZPM04B1','Objektno orijentirano programiranje',100002,21,4);
Insert into PRED (SIFPRED,KRATPRED,NAZPRED,SIFORGJED,UPISANOSTUD,BROJSATITJEDNO) values (646,'ZPM06A2','Projektiranje programske podrške',100002,29,2);
Insert into PRED (SIFPRED,KRATPRED,NAZPRED,SIFORGJED,UPISANOSTUD,BROJSATITJEDNO) values (342,'NEP-K','Nuklearna energetska postrojenja - konstrukcijske vježbe',100004,0,2);
Insert into PRED (SIFPRED,KRATPRED,NAZPRED,SIFORGJED,UPISANOSTUD,BROJSATITJEDNO) values (343,'ZPM01O1','Linearna algebra',100002,110,3);
Insert into PRED (SIFPRED,KRATPRED,NAZPRED,SIFORGJED,UPISANOSTUD,BROJSATITJEDNO) values (344,'ZPM02O1','Matematička analiza I',100002,70,0);
Insert into PRED (SIFPRED,KRATPRED,NAZPRED,SIFORGJED,UPISANOSTUD,BROJSATITJEDNO) values (345,'ZOM01O1','Osnove elektrotehnike I',100003,1,2);
Insert into PRED (SIFPRED,KRATPRED,NAZPRED,SIFORGJED,UPISANOSTUD,BROJSATITJEDNO) values (346,'ZPM03O1','Primjena računala',100002,17,3);
Insert into PRED (SIFPRED,KRATPRED,NAZPRED,SIFORGJED,UPISANOSTUD,BROJSATITJEDNO) values (347,'ZPM04O2','Matematička analiza II',100002,0,4);
Insert into PRED (SIFPRED,KRATPRED,NAZPRED,SIFORGJED,UPISANOSTUD,BROJSATITJEDNO) values (348,'ZOM02O2','Osnove elektrotehnike II',100003,3,0);
Insert into PRED (SIFPRED,KRATPRED,NAZPRED,SIFORGJED,UPISANOSTUD,BROJSATITJEDNO) values (349,'ZPM2002','Programiranje',100002,15,2);
Insert into PRED (SIFPRED,KRATPRED,NAZPRED,SIFORGJED,UPISANOSTUD,BROJSATITJEDNO) values (351,'ZPM06O3','Matematička analiza III',100002,1,1);
Insert into PRED (SIFPRED,KRATPRED,NAZPRED,SIFORGJED,UPISANOSTUD,BROJSATITJEDNO) values (352,'ZOM03O3','Mjerenja u elektrotehnici',100003,2,0);
Insert into PRED (SIFPRED,KRATPRED,NAZPRED,SIFORGJED,UPISANOSTUD,BROJSATITJEDNO) values (353,'ZSE01O3','Energetska elektrotehnika',100003,0,2);
Insert into PRED (SIFPRED,KRATPRED,NAZPRED,SIFORGJED,UPISANOSTUD,BROJSATITJEDNO) values (354,'ZER3001','Elektronički elementi',100010,0,3);
Insert into PRED (SIFPRED,KRATPRED,NAZPRED,SIFORGJED,UPISANOSTUD,BROJSATITJEDNO) values (355,'ZPM07O3','Algoritmi i strukture podataka',100002,5,4);
Insert into PRED (SIFPRED,KRATPRED,NAZPRED,SIFORGJED,UPISANOSTUD,BROJSATITJEDNO) values (356,'ZPM4001','Stohastička i numerička matematika',100002,13,2);
Insert into PRED (SIFPRED,KRATPRED,NAZPRED,SIFORGJED,UPISANOSTUD,BROJSATITJEDNO) values (357,'ZPM4002','Diskretna i stohastička matematika',100002,20,2);
Insert into PRED (SIFPRED,KRATPRED,NAZPRED,SIFORGJED,UPISANOSTUD,BROJSATITJEDNO) values (358,'ZOM03O4','Mjerenja u elektrotehnici-praktikum',100003,0,3);
Insert into PRED (SIFPRED,KRATPRED,NAZPRED,SIFORGJED,UPISANOSTUD,BROJSATITJEDNO) values (361,'ZRS01O4','Osnove digitalnih računala',100008,0,0);
Insert into PRED (SIFPRED,KRATPRED,NAZPRED,SIFORGJED,UPISANOSTUD,BROJSATITJEDNO) values (362,'ZER4002','Elektronički sklopovi',100010,40,2);
Insert into PRED (SIFPRED,KRATPRED,NAZPRED,SIFORGJED,UPISANOSTUD,BROJSATITJEDNO) values (367,'ZFI03O5','Fizika materijala',100001,45,3);
Insert into PRED (SIFPRED,KRATPRED,NAZPRED,SIFORGJED,UPISANOSTUD,BROJSATITJEDNO) values (370,'AUT6003','Elektronička instrumentacija i mjerenja',100010,17,4);
Insert into PRED (SIFPRED,KRATPRED,NAZPRED,SIFORGJED,UPISANOSTUD,BROJSATITJEDNO) values (371,'ZER15A2','Složeni elektronički sklopovi',100010,8,2);
Insert into PRED (SIFPRED,KRATPRED,NAZPRED,SIFORGJED,UPISANOSTUD,BROJSATITJEDNO) values (372,'ENE04O6','Osnove energetske elektronike',100005,18,1);
Insert into PRED (SIFPRED,KRATPRED,NAZPRED,SIFORGJED,UPISANOSTUD,BROJSATITJEDNO) values (373,'ZRS11A2','Analiza osjetljivosti, sinteza i optimiranje sustava',100008,0,3);
Insert into PRED (SIFPRED,KRATPRED,NAZPRED,SIFORGJED,UPISANOSTUD,BROJSATITJEDNO) values (391,'ESA5001','Osnove električnih strojeva i transformatora',100004,0,2);
Insert into PRED (SIFPRED,KRATPRED,NAZPRED,SIFORGJED,UPISANOSTUD,BROJSATITJEDNO) values (394,'ESA6002','Kolektorski i elektronički komutirani motori',100004,1,0);
Insert into PRED (SIFPRED,KRATPRED,NAZPRED,SIFORGJED,UPISANOSTUD,BROJSATITJEDNO) values (397,'INE01O5','Elektronička mjerenja i komponente',100010,2,2);
Insert into PRED (SIFPRED,KRATPRED,NAZPRED,SIFORGJED,UPISANOSTUD,BROJSATITJEDNO) values (404,'RKP03O5','Elektroakustika',100009,0,3);
Insert into PRED (SIFPRED,KRATPRED,NAZPRED,SIFORGJED,UPISANOSTUD,BROJSATITJEDNO) values (407,'RKP09O7','Optoelektronički sklopovi',100010,70,4);
Insert into PRED (SIFPRED,KRATPRED,NAZPRED,SIFORGJED,UPISANOSTUD,BROJSATITJEDNO) values (410,'TKI03O5','Telekomunikacijske mreže',100006,0,2);
Insert into PRED (SIFPRED,KRATPRED,NAZPRED,SIFORGJED,UPISANOSTUD,BROJSATITJEDNO) values (420,'ENE6101','Energetski izvori',100005,9,2);
Insert into PRED (SIFPRED,KRATPRED,NAZPRED,SIFORGJED,UPISANOSTUD,BROJSATITJEDNO) values (429,'ZPM09O4','Numerička matematika',100002,8,0);
Insert into PRED (SIFPRED,KRATPRED,NAZPRED,SIFORGJED,UPISANOSTUD,BROJSATITJEDNO) values (430,'AUT5002','Elektronička računala',100010,3,2);
Insert into PRED (SIFPRED,KRATPRED,NAZPRED,SIFORGJED,UPISANOSTUD,BROJSATITJEDNO) values (439,'ZPM08O4','Stohastička matematika',100002,18,1);
Insert into PRED (SIFPRED,KRATPRED,NAZPRED,SIFORGJED,UPISANOSTUD,BROJSATITJEDNO) values (441,'ZPM10O4','Diskretna matematika',100002,17,4);
Insert into PRED (SIFPRED,KRATPRED,NAZPRED,SIFORGJED,UPISANOSTUD,BROJSATITJEDNO) values (450,'ENE01O5','Energetski procesi',100005,11,0);
Insert into PRED (SIFPRED,KRATPRED,NAZPRED,SIFORGJED,UPISANOSTUD,BROJSATITJEDNO) values (452,'ENE08O7','Elektroenergetske mreže',100005,0,2);
Insert into PRED (SIFPRED,KRATPRED,NAZPRED,SIFORGJED,UPISANOSTUD,BROJSATITJEDNO) values (453,'ENE09O7','Numerička analiza elektroenergetskog sustava',100005,2,3);
Insert into PRED (SIFPRED,KRATPRED,NAZPRED,SIFORGJED,UPISANOSTUD,BROJSATITJEDNO) values (458,'ENE14O8','Zaštita i automatika elektroenergetskog sustava',100005,5,0);
Insert into PRED (SIFPRED,KRATPRED,NAZPRED,SIFORGJED,UPISANOSTUD,BROJSATITJEDNO) values (459,'ENE15O8','Energetika i okoliš',100005,9,2);
Insert into PRED (SIFPRED,KRATPRED,NAZPRED,SIFORGJED,UPISANOSTUD,BROJSATITJEDNO) values (461,'ESA04O6','Regulacijska tehnika',100004,2,3);
Insert into PRED (SIFPRED,KRATPRED,NAZPRED,SIFORGJED,UPISANOSTUD,BROJSATITJEDNO) values (464,'ESA10O7','Elektromotorni pogoni',100004,0,4);
Insert into PRED (SIFPRED,KRATPRED,NAZPRED,SIFORGJED,UPISANOSTUD,BROJSATITJEDNO) values (465,'ESA11O7','Upravljanje elektromotornim pogonima',100004,0,2);
Insert into PRED (SIFPRED,KRATPRED,NAZPRED,SIFORGJED,UPISANOSTUD,BROJSATITJEDNO) values (467,'ESA13O8','Projektiranje industrijskih postrojenja',100004,0,2);
Insert into PRED (SIFPRED,KRATPRED,NAZPRED,SIFORGJED,UPISANOSTUD,BROJSATITJEDNO) values (468,'ESA14O7','Razvod električne energije',100004,1,3);
Insert into PRED (SIFPRED,KRATPRED,NAZPRED,SIFORGJED,UPISANOSTUD,BROJSATITJEDNO) values (470,'ESA16O9','Mehatronički sustavi',100004,2,0);
Insert into PRED (SIFPRED,KRATPRED,NAZPRED,SIFORGJED,UPISANOSTUD,BROJSATITJEDNO) values (474,'AUT06O6','Elektronička mjerenja i instrumentacija',100010,12,1);
Insert into PRED (SIFPRED,KRATPRED,NAZPRED,SIFORGJED,UPISANOSTUD,BROJSATITJEDNO) values (483,'INE08O7','Mikroelektronički sklopovi',100010,0,3);
Insert into PRED (SIFPRED,KRATPRED,NAZPRED,SIFORGJED,UPISANOSTUD,BROJSATITJEDNO) values (490,'RKP10O7','Elektroakustički signali i sustavi',100009,0,4);
Insert into PRED (SIFPRED,KRATPRED,NAZPRED,SIFORGJED,UPISANOSTUD,BROJSATITJEDNO) values (500,'TKI11O8','Pouzdanost telekomunikacijskih sustava',100006,1,2);
Insert into PRED (SIFPRED,KRATPRED,NAZPRED,SIFORGJED,UPISANOSTUD,BROJSATITJEDNO) values (505,'ZER07A1','Osnove mikroelektroničkih sklopova',100010,2,2);
Insert into PRED (SIFPRED,KRATPRED,NAZPRED,SIFORGJED,UPISANOSTUD,BROJSATITJEDNO) values (517,'ZEA01A1','Ultrazvuk i hidroakustika',100009,70,3);
Insert into PRED (SIFPRED,KRATPRED,NAZPRED,SIFORGJED,UPISANOSTUD,BROJSATITJEDNO) values (528,'ZRS16A2','Upravljanje, slijedni sustavi i senzori u robotici',100008,3,0);
Insert into PRED (SIFPRED,KRATPRED,NAZPRED,SIFORGJED,UPISANOSTUD,BROJSATITJEDNO) values (529,'FSB13A2','Regulacija u energetskim postrojenjima',100004,0,2);
Insert into PRED (SIFPRED,KRATPRED,NAZPRED,SIFORGJED,UPISANOSTUD,BROJSATITJEDNO) values (532,'ZES15A1','Sklopni i zaštitni uređaji u postrojenjima',100004,1,3);
Insert into PRED (SIFPRED,KRATPRED,NAZPRED,SIFORGJED,UPISANOSTUD,BROJSATITJEDNO) values (535,'ZES12A2','Projektiranje i konstruiranje u elektrostrojarstvu',100004,2,4);
Insert into PRED (SIFPRED,KRATPRED,NAZPRED,SIFORGJED,UPISANOSTUD,BROJSATITJEDNO) values (541,'ZEN01A1','Pouzdanost elektroenergetskog sustava',100005,5,2);
Insert into PRED (SIFPRED,KRATPRED,NAZPRED,SIFORGJED,UPISANOSTUD,BROJSATITJEDNO) values (545,'IHP10A2','Energetski izvori',100005,3,2);
Insert into PRED (SIFPRED,KRATPRED,NAZPRED,SIFORGJED,UPISANOSTUD,BROJSATITJEDNO) values (548,'ZEN04A1','Ekonomika u energetici',100005,0,3);
Insert into PRED (SIFPRED,KRATPRED,NAZPRED,SIFORGJED,UPISANOSTUD,BROJSATITJEDNO) values (549,'ZEN03A1','Numerički postupci u elektroenergetici',100005,5,1);
Insert into PRED (SIFPRED,KRATPRED,NAZPRED,SIFORGJED,UPISANOSTUD,BROJSATITJEDNO) values (576,'ZEN09B1','Dinamika elektroenergetskog sustava',100005,8,2);


Insert into NASTAVNIK (SIFNASTAVNIK,IMENASTAVNIK,PREZNASTAVNIK,PBRSTAN,SIFORGJED,KOEF) values (122,'Tin','Grabovac',49000,100005,5.9);
Insert into NASTAVNIK (SIFNASTAVNIK,IMENASTAVNIK,PREZNASTAVNIK,PBRSTAN,SIFORGJED,KOEF) values (126,'Zdravko','Budišin',53000,100006,6.3);
Insert into NASTAVNIK (SIFNASTAVNIK,IMENASTAVNIK,PREZNASTAVNIK,PBRSTAN,SIFORGJED,KOEF) values (130,'Antun Ivan','Jonjić',10000,100007,6.7);
Insert into NASTAVNIK (SIFNASTAVNIK,IMENASTAVNIK,PREZNASTAVNIK,PBRSTAN,SIFORGJED,KOEF) values (134,'Želimir','Somrak',33000,100025,7.1);
Insert into NASTAVNIK (SIFNASTAVNIK,IMENASTAVNIK,PREZNASTAVNIK,PBRSTAN,SIFORGJED,KOEF) values (138,'David','Petković',35000,100009,7.5);
Insert into NASTAVNIK (SIFNASTAVNIK,IMENASTAVNIK,PREZNASTAVNIK,PBRSTAN,SIFORGJED,KOEF) values (142,'Alan','Ostojčić',10000,100010,7.9);
Insert into NASTAVNIK (SIFNASTAVNIK,IMENASTAVNIK,PREZNASTAVNIK,PBRSTAN,SIFORGJED,KOEF) values (146,'Franjo','Vidaković',20000,100011,8.3);
Insert into NASTAVNIK (SIFNASTAVNIK,IMENASTAVNIK,PREZNASTAVNIK,PBRSTAN,SIFORGJED,KOEF) values (150,'Ana','Kukec',20000,100001,8.7);
Insert into NASTAVNIK (SIFNASTAVNIK,IMENASTAVNIK,PREZNASTAVNIK,PBRSTAN,SIFORGJED,KOEF) values (154,'Žarko','Dubinko',10000,100002,9.1);
Insert into NASTAVNIK (SIFNASTAVNIK,IMENASTAVNIK,PREZNASTAVNIK,PBRSTAN,SIFORGJED,KOEF) values (158,'Davorka','Volarić',10000,100003,9.5);
Insert into NASTAVNIK (SIFNASTAVNIK,IMENASTAVNIK,PREZNASTAVNIK,PBRSTAN,SIFORGJED,KOEF) values (162,'Želimir','Prester',34550,100004,9.9);
Insert into NASTAVNIK (SIFNASTAVNIK,IMENASTAVNIK,PREZNASTAVNIK,PBRSTAN,SIFORGJED,KOEF) values (166,'Nino','Lipec',10000,100005,3.3);
Insert into NASTAVNIK (SIFNASTAVNIK,IMENASTAVNIK,PREZNASTAVNIK,PBRSTAN,SIFORGJED,KOEF) values (171,'Dinko','Žubrinić',10000,100006,4.5);
Insert into NASTAVNIK (SIFNASTAVNIK,IMENASTAVNIK,PREZNASTAVNIK,PBRSTAN,SIFORGJED,KOEF) values (175,'Željko','Kovačević',10000,100007,4.9);
Insert into NASTAVNIK (SIFNASTAVNIK,IMENASTAVNIK,PREZNASTAVNIK,PBRSTAN,SIFORGJED,KOEF) values (179,'Adrijan','Dugonjić',21000,100008,5.3);
Insert into NASTAVNIK (SIFNASTAVNIK,IMENASTAVNIK,PREZNASTAVNIK,PBRSTAN,SIFORGJED,KOEF) values (183,'Dino','Parlov',21000,100025,5.7);
Insert into NASTAVNIK (SIFNASTAVNIK,IMENASTAVNIK,PREZNASTAVNIK,PBRSTAN,SIFORGJED,KOEF) values (187,'Gordana','Hočevar',10000,100025,3.1);
Insert into NASTAVNIK (SIFNASTAVNIK,IMENASTAVNIK,PREZNASTAVNIK,PBRSTAN,SIFORGJED,KOEF) values (191,'Davorka','Vidović',10000,100011,3.5);
Insert into NASTAVNIK (SIFNASTAVNIK,IMENASTAVNIK,PREZNASTAVNIK,PBRSTAN,SIFORGJED,KOEF) values (195,'Lovre','Đeri',20000,100001,3.9);
Insert into NASTAVNIK (SIFNASTAVNIK,IMENASTAVNIK,PREZNASTAVNIK,PBRSTAN,SIFORGJED,KOEF) values (199,'Marko','Pepelnjak',10000,100026,4.3);
Insert into NASTAVNIK (SIFNASTAVNIK,IMENASTAVNIK,PREZNASTAVNIK,PBRSTAN,SIFORGJED,KOEF) values (203,'Ivana','Sokol',10000,100003,4.7);
Insert into NASTAVNIK (SIFNASTAVNIK,IMENASTAVNIK,PREZNASTAVNIK,PBRSTAN,SIFORGJED,KOEF) values (207,'Mijo','Marović',51000,100004,5.1);
Insert into NASTAVNIK (SIFNASTAVNIK,IMENASTAVNIK,PREZNASTAVNIK,PBRSTAN,SIFORGJED,KOEF) values (211,'Julija','Studen',10000,100026,5.5);
Insert into NASTAVNIK (SIFNASTAVNIK,IMENASTAVNIK,PREZNASTAVNIK,PBRSTAN,SIFORGJED,KOEF) values (215,'Petar','Kruljac',33000,100006,5.9);
Insert into NASTAVNIK (SIFNASTAVNIK,IMENASTAVNIK,PREZNASTAVNIK,PBRSTAN,SIFORGJED,KOEF) values (220,'Katarina','Glavaš',10000,100007,7.1);
Insert into NASTAVNIK (SIFNASTAVNIK,IMENASTAVNIK,PREZNASTAVNIK,PBRSTAN,SIFORGJED,KOEF) values (224,'Lovro','Martinović',10000,100008,7.5);
Insert into NASTAVNIK (SIFNASTAVNIK,IMENASTAVNIK,PREZNASTAVNIK,PBRSTAN,SIFORGJED,KOEF) values (228,'Renata','Santo',22000,100009,7.9);
Insert into NASTAVNIK (SIFNASTAVNIK,IMENASTAVNIK,PREZNASTAVNIK,PBRSTAN,SIFORGJED,KOEF) values (232,'Dubravko','Josipović',10000,100010,8.3);
Insert into NASTAVNIK (SIFNASTAVNIK,IMENASTAVNIK,PREZNASTAVNIK,PBRSTAN,SIFORGJED,KOEF) values (236,'Robert','Pavlović',20000,100011,8.7);
Insert into NASTAVNIK (SIFNASTAVNIK,IMENASTAVNIK,PREZNASTAVNIK,PBRSTAN,SIFORGJED,KOEF) values (240,'Želimir','Bereček',21000,100025,9.1);
Insert into NASTAVNIK (SIFNASTAVNIK,IMENASTAVNIK,PREZNASTAVNIK,PBRSTAN,SIFORGJED,KOEF) values (244,'Zlatko','Tomašek',10000,100002,9.5);
Insert into NASTAVNIK (SIFNASTAVNIK,IMENASTAVNIK,PREZNASTAVNIK,PBRSTAN,SIFORGJED,KOEF) values (248,'Sandra','Stanojević',31410,100003,9.9);
Insert into NASTAVNIK (SIFNASTAVNIK,IMENASTAVNIK,PREZNASTAVNIK,PBRSTAN,SIFORGJED,KOEF) values (252,'Edita','Pavić',21265,100025,3.3);
Insert into NASTAVNIK (SIFNASTAVNIK,IMENASTAVNIK,PREZNASTAVNIK,PBRSTAN,SIFORGJED,KOEF) values (256,'Sanja','Watz',10000,100005,3.7);
Insert into NASTAVNIK (SIFNASTAVNIK,IMENASTAVNIK,PREZNASTAVNIK,PBRSTAN,SIFORGJED,KOEF) values (260,'Božidar','Došen',21275,100006,4.1);
Insert into NASTAVNIK (SIFNASTAVNIK,IMENASTAVNIK,PREZNASTAVNIK,PBRSTAN,SIFORGJED,KOEF) values (264,'Marko','Kovačević',10000,100007,4.5);
Insert into NASTAVNIK (SIFNASTAVNIK,IMENASTAVNIK,PREZNASTAVNIK,PBRSTAN,SIFORGJED,KOEF) values (269,'Marija','Novokmet',32000,100008,5.7);
Insert into NASTAVNIK (SIFNASTAVNIK,IMENASTAVNIK,PREZNASTAVNIK,PBRSTAN,SIFORGJED,KOEF) values (273,'Davor','Režan',10000,100009,3.1);
Insert into NASTAVNIK (SIFNASTAVNIK,IMENASTAVNIK,PREZNASTAVNIK,PBRSTAN,SIFORGJED,KOEF) values (277,'Silvije','Szekeres',21000,100010,3.5);
Insert into NASTAVNIK (SIFNASTAVNIK,IMENASTAVNIK,PREZNASTAVNIK,PBRSTAN,SIFORGJED,KOEF) values (281,'Dubravko','Kirinčić',10000,100011,3.9);
Insert into NASTAVNIK (SIFNASTAVNIK,IMENASTAVNIK,PREZNASTAVNIK,PBRSTAN,SIFORGJED,KOEF) values (285,'Iva','Frančišković',10000,100001,4.3);
Insert into NASTAVNIK (SIFNASTAVNIK,IMENASTAVNIK,PREZNASTAVNIK,PBRSTAN,SIFORGJED,KOEF) values (289,'Marina','Carek',10000,100002,4.7);
Insert into NASTAVNIK (SIFNASTAVNIK,IMENASTAVNIK,PREZNASTAVNIK,PBRSTAN,SIFORGJED,KOEF) values (293,'Mirna','Rakić',21000,100025,5.1);
Insert into NASTAVNIK (SIFNASTAVNIK,IMENASTAVNIK,PREZNASTAVNIK,PBRSTAN,SIFORGJED,KOEF) values (297,'Alen','Pisac',10000,100004,5.5);
Insert into NASTAVNIK (SIFNASTAVNIK,IMENASTAVNIK,PREZNASTAVNIK,PBRSTAN,SIFORGJED,KOEF) values (301,'Stanislav','Krznarić',10000,100005,5.9);
Insert into NASTAVNIK (SIFNASTAVNIK,IMENASTAVNIK,PREZNASTAVNIK,PBRSTAN,SIFORGJED,KOEF) values (305,'Nikolina','Horvat',31000,100006,6.3);
Insert into NASTAVNIK (SIFNASTAVNIK,IMENASTAVNIK,PREZNASTAVNIK,PBRSTAN,SIFORGJED,KOEF) values (309,'Lovre','Rožić',35000,100007,6.7);
Insert into NASTAVNIK (SIFNASTAVNIK,IMENASTAVNIK,PREZNASTAVNIK,PBRSTAN,SIFORGJED,KOEF) values (313,'Marko','Trajbar',43000,100008,7.1);
Insert into NASTAVNIK (SIFNASTAVNIK,IMENASTAVNIK,PREZNASTAVNIK,PBRSTAN,SIFORGJED,KOEF) values (318,'Nino','Gvozdić',10000,100009,8.3);
Insert into NASTAVNIK (SIFNASTAVNIK,IMENASTAVNIK,PREZNASTAVNIK,PBRSTAN,SIFORGJED,KOEF) values (322,'Ana','Juretić',32000,100025,8.7);
Insert into NASTAVNIK (SIFNASTAVNIK,IMENASTAVNIK,PREZNASTAVNIK,PBRSTAN,SIFORGJED,KOEF) values (326,'Sunčica','Pleško',34000,100011,9.1);
Insert into NASTAVNIK (SIFNASTAVNIK,IMENASTAVNIK,PREZNASTAVNIK,PBRSTAN,SIFORGJED,KOEF) values (330,'Vinko','Kecman',10000,100001,9.5);
Insert into NASTAVNIK (SIFNASTAVNIK,IMENASTAVNIK,PREZNASTAVNIK,PBRSTAN,SIFORGJED,KOEF) values (334,'Sandra','Mihaljević',10000,100002,9.9);
Insert into NASTAVNIK (SIFNASTAVNIK,IMENASTAVNIK,PREZNASTAVNIK,PBRSTAN,SIFORGJED,KOEF) values (338,'Petar','Petrović',20000,100026,3.3);
Insert into NASTAVNIK (SIFNASTAVNIK,IMENASTAVNIK,PREZNASTAVNIK,PBRSTAN,SIFORGJED,KOEF) values (342,'Tin','Mandić',10000,100004,3.7);
Insert into NASTAVNIK (SIFNASTAVNIK,IMENASTAVNIK,PREZNASTAVNIK,PBRSTAN,SIFORGJED,KOEF) values (346,'Anđelko','Puzak',48260,100025,4.1);
Insert into NASTAVNIK (SIFNASTAVNIK,IMENASTAVNIK,PREZNASTAVNIK,PBRSTAN,SIFORGJED,KOEF) values (350,'Vjeran','Kovačić',10000,100006,4.5);
Insert into NASTAVNIK (SIFNASTAVNIK,IMENASTAVNIK,PREZNASTAVNIK,PBRSTAN,SIFORGJED,KOEF) values (354,'Tamara','Križanić',10000,100007,4.9);
Insert into NASTAVNIK (SIFNASTAVNIK,IMENASTAVNIK,PREZNASTAVNIK,PBRSTAN,SIFORGJED,KOEF) values (358,'Aljoša','Marijanić',31000,100008,5.3);
Insert into NASTAVNIK (SIFNASTAVNIK,IMENASTAVNIK,PREZNASTAVNIK,PBRSTAN,SIFORGJED,KOEF) values (362,'Tanja','Crnić',34000,100009,5.7);
Insert into NASTAVNIK (SIFNASTAVNIK,IMENASTAVNIK,PREZNASTAVNIK,PBRSTAN,SIFORGJED,KOEF) values (367,'Tanja','Petrović',10000,100010,3.9);
Insert into NASTAVNIK (SIFNASTAVNIK,IMENASTAVNIK,PREZNASTAVNIK,PBRSTAN,SIFORGJED,KOEF) values (371,'Božidar','Mužar',10000,100011,4.3);
Insert into NASTAVNIK (SIFNASTAVNIK,IMENASTAVNIK,PREZNASTAVNIK,PBRSTAN,SIFORGJED,KOEF) values (375,'Tina','Švaljek',10000,100001,4.7);
Insert into NASTAVNIK (SIFNASTAVNIK,IMENASTAVNIK,PREZNASTAVNIK,PBRSTAN,SIFORGJED,KOEF) values (379,'Mia','Stojić',21000,100002,5.1);
Insert into NASTAVNIK (SIFNASTAVNIK,IMENASTAVNIK,PREZNASTAVNIK,PBRSTAN,SIFORGJED,KOEF) values (383,'Mihael','Schildenfeld',10000,100003,5.5);
Insert into NASTAVNIK (SIFNASTAVNIK,IMENASTAVNIK,PREZNASTAVNIK,PBRSTAN,SIFORGJED,KOEF) values (387,'Tina','Madunić',21000,100025,5.9);
Insert into NASTAVNIK (SIFNASTAVNIK,IMENASTAVNIK,PREZNASTAVNIK,PBRSTAN,SIFORGJED,KOEF) values (391,'Marko','Hazdovac',10000,100005,6.3);
Insert into NASTAVNIK (SIFNASTAVNIK,IMENASTAVNIK,PREZNASTAVNIK,PBRSTAN,SIFORGJED,KOEF) values (395,'Nino','Zajc',51000,100006,6.7);
Insert into NASTAVNIK (SIFNASTAVNIK,IMENASTAVNIK,PREZNASTAVNIK,PBRSTAN,SIFORGJED,KOEF) values (399,'Tino','Zerec',31000,100007,7.1);
Insert into NASTAVNIK (SIFNASTAVNIK,IMENASTAVNIK,PREZNASTAVNIK,PBRSTAN,SIFORGJED,KOEF) values (403,'Aurelija','Jurić',34000,100008,7.5);
Insert into NASTAVNIK (SIFNASTAVNIK,IMENASTAVNIK,PREZNASTAVNIK,PBRSTAN,SIFORGJED,KOEF) values (407,'Gregor','Krmpotić',32100,100009,7.9);
Insert into NASTAVNIK (SIFNASTAVNIK,IMENASTAVNIK,PREZNASTAVNIK,PBRSTAN,SIFORGJED,KOEF) values (411,'Kristian','Damjančić',48000,100010,8.3);
Insert into NASTAVNIK (SIFNASTAVNIK,IMENASTAVNIK,PREZNASTAVNIK,PBRSTAN,SIFORGJED,KOEF) values (416,'Željka','Bello',10000,100026,9.5);
Insert into NASTAVNIK (SIFNASTAVNIK,IMENASTAVNIK,PREZNASTAVNIK,PBRSTAN,SIFORGJED,KOEF) values (420,'Bernard','Jurjević',33000,100001,9.9);
Insert into NASTAVNIK (SIFNASTAVNIK,IMENASTAVNIK,PREZNASTAVNIK,PBRSTAN,SIFORGJED,KOEF) values (424,'Blaž','Bartolović',10000,100026,3.3);
Insert into NASTAVNIK (SIFNASTAVNIK,IMENASTAVNIK,PREZNASTAVNIK,PBRSTAN,SIFORGJED,KOEF) values (428,'Mirna','Ban',10000,100003,3.7);
Insert into NASTAVNIK (SIFNASTAVNIK,IMENASTAVNIK,PREZNASTAVNIK,PBRSTAN,SIFORGJED,KOEF) values (432,'Bojan','Bračić',10000,100004,4.1);
Insert into NASTAVNIK (SIFNASTAVNIK,IMENASTAVNIK,PREZNASTAVNIK,PBRSTAN,SIFORGJED,KOEF) values (436,'Karla','Glasnović',31500,100005,4.5);
Insert into NASTAVNIK (SIFNASTAVNIK,IMENASTAVNIK,PREZNASTAVNIK,PBRSTAN,SIFORGJED,KOEF) values (440,'Miroslav','Pongrac',51550,100025,4.9);
Insert into NASTAVNIK (SIFNASTAVNIK,IMENASTAVNIK,PREZNASTAVNIK,PBRSTAN,SIFORGJED,KOEF) values (444,'Ilija','Marasović',10000,100007,5.3);
Insert into NASTAVNIK (SIFNASTAVNIK,IMENASTAVNIK,PREZNASTAVNIK,PBRSTAN,SIFORGJED,KOEF) values (448,'Mladen','Butković',10000,100008,5.7);
Insert into NASTAVNIK (SIFNASTAVNIK,IMENASTAVNIK,PREZNASTAVNIK,PBRSTAN,SIFORGJED,KOEF) values (452,'Viktor','Kuzmić',31000,100009,3.1);
Insert into NASTAVNIK (SIFNASTAVNIK,IMENASTAVNIK,PREZNASTAVNIK,PBRSTAN,SIFORGJED,KOEF) values (456,'Slavica','Haban',10000,100010,3.5);
Insert into NASTAVNIK (SIFNASTAVNIK,IMENASTAVNIK,PREZNASTAVNIK,PBRSTAN,SIFORGJED,KOEF) values (460,'Ivana','Košanski',10000,100011,3.9);
Insert into NASTAVNIK (SIFNASTAVNIK,IMENASTAVNIK,PREZNASTAVNIK,PBRSTAN,SIFORGJED,KOEF) values (465,'Vinko','Belošević',10000,100001,5.1);
Insert into NASTAVNIK (SIFNASTAVNIK,IMENASTAVNIK,PREZNASTAVNIK,PBRSTAN,SIFORGJED,KOEF) values (469,'Ivana','Dumančić',10000,100002,5.5);
Insert into NASTAVNIK (SIFNASTAVNIK,IMENASTAVNIK,PREZNASTAVNIK,PBRSTAN,SIFORGJED,KOEF) values (473,'Ive','Pisarović',10000,100003,5.9);
Insert into NASTAVNIK (SIFNASTAVNIK,IMENASTAVNIK,PREZNASTAVNIK,PBRSTAN,SIFORGJED,KOEF) values (477,'Gordan','Štampar',21000,100004,6.3);
Insert into NASTAVNIK (SIFNASTAVNIK,IMENASTAVNIK,PREZNASTAVNIK,PBRSTAN,SIFORGJED,KOEF) values (481,'Iva','Habuš',10000,100005,6.7);
Insert into NASTAVNIK (SIFNASTAVNIK,IMENASTAVNIK,PREZNASTAVNIK,PBRSTAN,SIFORGJED,KOEF) values (485,'Ivo','Lovrić',10000,100025,7.1);
Insert into NASTAVNIK (SIFNASTAVNIK,IMENASTAVNIK,PREZNASTAVNIK,PBRSTAN,SIFORGJED,KOEF) values (489,'Vladimir','Vinković',10000,100007,7.5);
Insert into NASTAVNIK (SIFNASTAVNIK,IMENASTAVNIK,PREZNASTAVNIK,PBRSTAN,SIFORGJED,KOEF) values (493,'Vlado','Burela',31000,100025,7.9);
Insert into NASTAVNIK (SIFNASTAVNIK,IMENASTAVNIK,PREZNASTAVNIK,PBRSTAN,SIFORGJED,KOEF) values (497,'Hrvoje','Mandić',42000,100009,8.3);
Insert into NASTAVNIK (SIFNASTAVNIK,IMENASTAVNIK,PREZNASTAVNIK,PBRSTAN,SIFORGJED,KOEF) values (501,'Davorin','Rodinis',48000,100010,8.7);
Insert into NASTAVNIK (SIFNASTAVNIK,IMENASTAVNIK,PREZNASTAVNIK,PBRSTAN,SIFORGJED,KOEF) values (505,'Jerko','Zovko',52000,100011,9.1);
Insert into NASTAVNIK (SIFNASTAVNIK,IMENASTAVNIK,PREZNASTAVNIK,PBRSTAN,SIFORGJED,KOEF) values (509,'Petar','Posavčević',10000,100001,9.5);
Insert into NASTAVNIK (SIFNASTAVNIK,IMENASTAVNIK,PREZNASTAVNIK,PBRSTAN,SIFORGJED,KOEF) values (514,'Damjan','Dolar',10000,100002,3.7);
Insert into NASTAVNIK (SIFNASTAVNIK,IMENASTAVNIK,PREZNASTAVNIK,PBRSTAN,SIFORGJED,KOEF) values (518,'Josipa','Prokopić',21000,100026,4.1);


Insert into ISPIT (MBRSTUD,SIFPRED,SIFNASTAVNIK,DATISPIT,OCJENA) values (1414,356,289,'2005-07-20',2);
Insert into ISPIT (MBRSTUD,SIFPRED,SIFNASTAVNIK,DATISPIT,OCJENA) values (1324,441,469,'2005-01-11',3);
Insert into ISPIT (MBRSTUD,SIFPRED,SIFNASTAVNIK,DATISPIT,OCJENA) values (1172,303,289,'2005-04-29',3);
Insert into ISPIT (MBRSTUD,SIFPRED,SIFNASTAVNIK,DATISPIT,OCJENA) values (1196,525,334,'2005-07-06',4);
Insert into ISPIT (MBRSTUD,SIFPRED,SIFNASTAVNIK,DATISPIT,OCJENA) values (1439,264,142,'2005-10-04',2);
Insert into ISPIT (MBRSTUD,SIFPRED,SIFNASTAVNIK,DATISPIT,OCJENA) values (1406,343,244,'2005-06-21',2);
Insert into ISPIT (MBRSTUD,SIFPRED,SIFNASTAVNIK,DATISPIT,OCJENA) values (1357,194,330,'2005-06-23',3);
Insert into ISPIT (MBRSTUD,SIFPRED,SIFNASTAVNIK,DATISPIT,OCJENA) values (1331,259,244,'2005-06-21',3);
Insert into ISPIT (MBRSTUD,SIFPRED,SIFNASTAVNIK,DATISPIT,OCJENA) values (1400,241,142,'2005-02-23',3);
Insert into ISPIT (MBRSTUD,SIFPRED,SIFNASTAVNIK,DATISPIT,OCJENA) values (1421,98,411,'2005-01-28',4);
Insert into ISPIT (MBRSTUD,SIFPRED,SIFNASTAVNIK,DATISPIT,OCJENA) values (1312,264,501,'2005-06-17',5);
Insert into ISPIT (MBRSTUD,SIFPRED,SIFNASTAVNIK,DATISPIT,OCJENA) values (1312,312,465,'2005-01-14',2);
Insert into ISPIT (MBRSTUD,SIFPRED,SIFNASTAVNIK,DATISPIT,OCJENA) values (1197,106,375,'2005-04-15',2);
Insert into ISPIT (MBRSTUD,SIFPRED,SIFNASTAVNIK,DATISPIT,OCJENA) values (1513,429,244,'2005-05-19',3);
Insert into ISPIT (MBRSTUD,SIFPRED,SIFNASTAVNIK,DATISPIT,OCJENA) values (1450,241,501,'2005-02-14',3);
Insert into ISPIT (MBRSTUD,SIFPRED,SIFNASTAVNIK,DATISPIT,OCJENA) values (1312,262,514,'2005-09-02',3);
Insert into ISPIT (MBRSTUD,SIFPRED,SIFNASTAVNIK,DATISPIT,OCJENA) values (1441,262,514,'2004-12-02',4);
Insert into ISPIT (MBRSTUD,SIFPRED,SIFNASTAVNIK,DATISPIT,OCJENA) values (1172,658,379,'2005-06-06',5);
Insert into ISPIT (MBRSTUD,SIFPRED,SIFNASTAVNIK,DATISPIT,OCJENA) values (1165,583,289,'2005-07-13',2);
Insert into ISPIT (MBRSTUD,SIFPRED,SIFNASTAVNIK,DATISPIT,OCJENA) values (1259,37,166,'2005-06-14',2);
Insert into ISPIT (MBRSTUD,SIFPRED,SIFNASTAVNIK,DATISPIT,OCJENA) values (1159,169,460,'2005-05-18',3);
Insert into ISPIT (MBRSTUD,SIFPRED,SIFNASTAVNIK,DATISPIT,OCJENA) values (1127,458,166,'2003-09-09',1);
Insert into ISPIT (MBRSTUD,SIFPRED,SIFNASTAVNIK,DATISPIT,OCJENA) values (1230,68,371,'2004-04-20',1);
Insert into ISPIT (MBRSTUD,SIFPRED,SIFNASTAVNIK,DATISPIT,OCJENA) values (1190,453,301,'2004-05-11',1);
Insert into ISPIT (MBRSTUD,SIFPRED,SIFNASTAVNIK,DATISPIT,OCJENA) values (1230,459,256,'2004-07-16',1);
Insert into ISPIT (MBRSTUD,SIFPRED,SIFNASTAVNIK,DATISPIT,OCJENA) values (1173,576,436,'2004-05-26',1);
Insert into ISPIT (MBRSTUD,SIFPRED,SIFNASTAVNIK,DATISPIT,OCJENA) values (1292,658,379,'2004-11-29',1);
Insert into ISPIT (MBRSTUD,SIFPRED,SIFNASTAVNIK,DATISPIT,OCJENA) values (1329,286,326,'2004-06-28',1);
Insert into ISPIT (MBRSTUD,SIFPRED,SIFNASTAVNIK,DATISPIT,OCJENA) values (1434,229,481,'2004-04-28',1);
Insert into ISPIT (MBRSTUD,SIFPRED,SIFNASTAVNIK,DATISPIT,OCJENA) values (1386,450,436,'2005-01-10',1);
Insert into ISPIT (MBRSTUD,SIFPRED,SIFNASTAVNIK,DATISPIT,OCJENA) values (1406,367,195,'2004-08-05',1);
Insert into ISPIT (MBRSTUD,SIFPRED,SIFNASTAVNIK,DATISPIT,OCJENA) values (1441,241,142,'2004-06-14',1);
Insert into ISPIT (MBRSTUD,SIFPRED,SIFNASTAVNIK,DATISPIT,OCJENA) values (1249,349,379,'2004-07-29',1);
Insert into ISPIT (MBRSTUD,SIFPRED,SIFNASTAVNIK,DATISPIT,OCJENA) values (1439,264,142,'2004-10-18',1);
Insert into ISPIT (MBRSTUD,SIFPRED,SIFNASTAVNIK,DATISPIT,OCJENA) values (1180,194,330,'2004-09-08',1);
Insert into ISPIT (MBRSTUD,SIFPRED,SIFNASTAVNIK,DATISPIT,OCJENA) values (1312,241,501,'2004-07-22',1);
Insert into ISPIT (MBRSTUD,SIFPRED,SIFNASTAVNIK,DATISPIT,OCJENA) values (1165,362,456,'2004-06-07',1);
Insert into ISPIT (MBRSTUD,SIFPRED,SIFNASTAVNIK,DATISPIT,OCJENA) values (1286,284,232,'2004-10-29',1);
Insert into ISPIT (MBRSTUD,SIFPRED,SIFNASTAVNIK,DATISPIT,OCJENA) values (1406,419,379,'2004-06-17',1);
Insert into ISPIT (MBRSTUD,SIFPRED,SIFNASTAVNIK,DATISPIT,OCJENA) values (1132,264,142,'2004-05-06',1);
Insert into ISPIT (MBRSTUD,SIFPRED,SIFNASTAVNIK,DATISPIT,OCJENA) values (1259,37,166,'2004-06-11',1);
Insert into ISPIT (MBRSTUD,SIFPRED,SIFNASTAVNIK,DATISPIT,OCJENA) values (1484,489,371,'2004-08-10',1);
Insert into ISPIT (MBRSTUD,SIFPRED,SIFNASTAVNIK,DATISPIT,OCJENA) values (1406,262,514,'2004-11-29',1);
Insert into ISPIT (MBRSTUD,SIFPRED,SIFNASTAVNIK,DATISPIT,OCJENA) values (1259,265,277,'2004-05-19',1);
Insert into ISPIT (MBRSTUD,SIFPRED,SIFNASTAVNIK,DATISPIT,OCJENA) values (1132,98,456,'2003-12-02',1);
Insert into ISPIT (MBRSTUD,SIFPRED,SIFNASTAVNIK,DATISPIT,OCJENA) values (1132,370,232,'2004-04-30',1);
Insert into ISPIT (MBRSTUD,SIFPRED,SIFNASTAVNIK,DATISPIT,OCJENA) values (1483,209,391,'2004-04-28',1);
Insert into ISPIT (MBRSTUD,SIFPRED,SIFNASTAVNIK,DATISPIT,OCJENA) values (1393,99,122,'2005-01-28',1);
Insert into ISPIT (MBRSTUD,SIFPRED,SIFNASTAVNIK,DATISPIT,OCJENA) values (1490,303,289,'2003-12-05',1);
Insert into ISPIT (MBRSTUD,SIFPRED,SIFNASTAVNIK,DATISPIT,OCJENA) values (1172,378,469,'2003-09-08',1);
Insert into ISPIT (MBRSTUD,SIFPRED,SIFNASTAVNIK,DATISPIT,OCJENA) values (1331,370,232,'2005-03-01',1);
Insert into ISPIT (MBRSTUD,SIFPRED,SIFNASTAVNIK,DATISPIT,OCJENA) values (1386,209,391,'2004-04-16',1);
Insert into ISPIT (MBRSTUD,SIFPRED,SIFNASTAVNIK,DATISPIT,OCJENA) values (1133,104,256,'2004-06-11',1);
Insert into ISPIT (MBRSTUD,SIFPRED,SIFNASTAVNIK,DATISPIT,OCJENA) values (1159,169,460,'2005-01-17',1);
Insert into ISPIT (MBRSTUD,SIFPRED,SIFNASTAVNIK,DATISPIT,OCJENA) values (1167,229,122,'2003-09-12',1);
Insert into ISPIT (MBRSTUD,SIFPRED,SIFNASTAVNIK,DATISPIT,OCJENA) values (1196,525,334,'2004-07-29',1);
Insert into ISPIT (MBRSTUD,SIFPRED,SIFNASTAVNIK,DATISPIT,OCJENA) values (1197,106,375,'2004-02-24',1);
Insert into ISPIT (MBRSTUD,SIFPRED,SIFNASTAVNIK,DATISPIT,OCJENA) values (1210,545,481,'2004-04-12',1);
Insert into ISPIT (MBRSTUD,SIFPRED,SIFNASTAVNIK,DATISPIT,OCJENA) values (1132,367,285,'2004-04-16',1);
Insert into ISPIT (MBRSTUD,SIFPRED,SIFNASTAVNIK,DATISPIT,OCJENA) values (1173,576,436,'2004-11-25',1);
Insert into ISPIT (MBRSTUD,SIFPRED,SIFNASTAVNIK,DATISPIT,OCJENA) values (1272,607,191,'2004-04-16',1);
Insert into ISPIT (MBRSTUD,SIFPRED,SIFNASTAVNIK,DATISPIT,OCJENA) values (1312,312,465,'2004-10-29',1);
Insert into ISPIT (MBRSTUD,SIFPRED,SIFNASTAVNIK,DATISPIT,OCJENA) values (1307,305,514,'2004-09-13',1);
Insert into ISPIT (MBRSTUD,SIFPRED,SIFNASTAVNIK,DATISPIT,OCJENA) values (1312,474,142,'2004-12-07',1);
Insert into ISPIT (MBRSTUD,SIFPRED,SIFNASTAVNIK,DATISPIT,OCJENA) values (1369,57,256,'2004-05-21',1);
Insert into ISPIT (MBRSTUD,SIFPRED,SIFNASTAVNIK,DATISPIT,OCJENA) values (1172,658,379,'2005-05-12',1);
Insert into ISPIT (MBRSTUD,SIFPRED,SIFNASTAVNIK,DATISPIT,OCJENA) values (1400,241,142,'2004-05-18',1);
Insert into ISPIT (MBRSTUD,SIFPRED,SIFNASTAVNIK,DATISPIT,OCJENA) values (1414,356,289,'2004-12-02',1);
Insert into ISPIT (MBRSTUD,SIFPRED,SIFNASTAVNIK,DATISPIT,OCJENA) values (1426,349,379,'2004-07-30',1);
Insert into ISPIT (MBRSTUD,SIFPRED,SIFNASTAVNIK,DATISPIT,OCJENA) values (1464,146,326,'2003-09-01',1);
Insert into ISPIT (MBRSTUD,SIFPRED,SIFNASTAVNIK,DATISPIT,OCJENA) values (1490,474,501,'2004-07-19',1);
Insert into ISPIT (MBRSTUD,SIFPRED,SIFNASTAVNIK,DATISPIT,OCJENA) values (1513,429,244,'2004-10-26',1);
Insert into ISPIT (MBRSTUD,SIFPRED,SIFNASTAVNIK,DATISPIT,OCJENA) values (1127,430,277,'2004-06-08',1);
Insert into ISPIT (MBRSTUD,SIFPRED,SIFNASTAVNIK,DATISPIT,OCJENA) values (1249,349,379,'2004-08-24',1);
Insert into ISPIT (MBRSTUD,SIFPRED,SIFNASTAVNIK,DATISPIT,OCJENA) values (1272,362,411,'2004-01-30',1);
Insert into ISPIT (MBRSTUD,SIFPRED,SIFNASTAVNIK,DATISPIT,OCJENA) values (1306,594,456,'2004-12-14',1);
Insert into ISPIT (MBRSTUD,SIFPRED,SIFNASTAVNIK,DATISPIT,OCJENA) values (1324,441,469,'2004-09-15',1);
Insert into ISPIT (MBRSTUD,SIFPRED,SIFNASTAVNIK,DATISPIT,OCJENA) values (1393,357,514,'2004-07-12',1);
Insert into ISPIT (MBRSTUD,SIFPRED,SIFNASTAVNIK,DATISPIT,OCJENA) values (1471,367,195,'2004-10-15',1);
Insert into ISPIT (MBRSTUD,SIFPRED,SIFNASTAVNIK,DATISPIT,OCJENA) values (1127,430,277,'2004-05-05',1);
Insert into ISPIT (MBRSTUD,SIFPRED,SIFNASTAVNIK,DATISPIT,OCJENA) values (1152,356,289,'2004-07-28',1);
Insert into ISPIT (MBRSTUD,SIFPRED,SIFNASTAVNIK,DATISPIT,OCJENA) values (1370,474,501,'2005-04-08',1);
Insert into ISPIT (MBRSTUD,SIFPRED,SIFNASTAVNIK,DATISPIT,OCJENA) values (1439,264,142,'2004-06-28',1);
Insert into ISPIT (MBRSTUD,SIFPRED,SIFNASTAVNIK,DATISPIT,OCJENA) values (1165,583,289,'2004-08-10',1);
Insert into ISPIT (MBRSTUD,SIFPRED,SIFNASTAVNIK,DATISPIT,OCJENA) values (1406,343,244,'2004-10-12',1);
Insert into ISPIT (MBRSTUD,SIFPRED,SIFNASTAVNIK,DATISPIT,OCJENA) values (1421,238,277,'2003-11-07',1);
Insert into ISPIT (MBRSTUD,SIFPRED,SIFNASTAVNIK,DATISPIT,OCJENA) values (1357,194,330,'2005-01-28',1);
Insert into ISPIT (MBRSTUD,SIFPRED,SIFNASTAVNIK,DATISPIT,OCJENA) values (1421,98,411,'2004-12-20',1);
Insert into ISPIT (MBRSTUD,SIFPRED,SIFNASTAVNIK,DATISPIT,OCJENA) values (1267,194,330,'2004-09-17',1);
Insert into ISPIT (MBRSTUD,SIFPRED,SIFNASTAVNIK,DATISPIT,OCJENA) values (1376,241,501,'2004-04-07',1);
Insert into ISPIT (MBRSTUD,SIFPRED,SIFNASTAVNIK,DATISPIT,OCJENA) values (1498,238,277,'2005-01-10',1);
Insert into ISPIT (MBRSTUD,SIFPRED,SIFNASTAVNIK,DATISPIT,OCJENA) values (1180,194,330,'2005-04-19',1);
Insert into ISPIT (MBRSTUD,SIFPRED,SIFNASTAVNIK,DATISPIT,OCJENA) values (1370,362,456,'2004-07-14',1);
Insert into ISPIT (MBRSTUD,SIFPRED,SIFNASTAVNIK,DATISPIT,OCJENA) values (1450,241,501,'2004-10-26',1);
Insert into ISPIT (MBRSTUD,SIFPRED,SIFNASTAVNIK,DATISPIT,OCJENA) values (1259,37,166,'2005-01-10',1);
Insert into ISPIT (MBRSTUD,SIFPRED,SIFNASTAVNIK,DATISPIT,OCJENA) values (1441,99,122,'2004-05-11',1);
Insert into ISPIT (MBRSTUD,SIFPRED,SIFNASTAVNIK,DATISPIT,OCJENA) values (1222,259,244,'2004-06-23',1);
Insert into ISPIT (MBRSTUD,SIFPRED,SIFNASTAVNIK,DATISPIT,OCJENA) values (1132,98,456,'2004-08-06',1);
Insert into ISPIT (MBRSTUD,SIFPRED,SIFNASTAVNIK,DATISPIT,OCJENA) values (1312,262,514,'2004-07-16',1);
Insert into ISPIT (MBRSTUD,SIFPRED,SIFNASTAVNIK,DATISPIT,OCJENA) values (1434,37,166,'2004-10-22',1);
Insert into ISPIT (MBRSTUD,SIFPRED,SIFNASTAVNIK,DATISPIT,OCJENA) values (1132,370,232,'2004-10-05',1);
Insert into ISPIT (MBRSTUD,SIFPRED,SIFNASTAVNIK,DATISPIT,OCJENA) values (1393,489,371,'2004-08-23',1);
Insert into ISPIT (MBRSTUD,SIFPRED,SIFNASTAVNIK,DATISPIT,OCJENA) values (1312,262,514,'2004-09-16',1);
Insert into ISPIT (MBRSTUD,SIFPRED,SIFNASTAVNIK,DATISPIT,OCJENA) values (1393,99,122,'2005-05-16',1);
Insert into ISPIT (MBRSTUD,SIFPRED,SIFNASTAVNIK,DATISPIT,OCJENA) values (1331,259,244,'2004-09-02',1);
Insert into ISPIT (MBRSTUD,SIFPRED,SIFNASTAVNIK,DATISPIT,OCJENA) values (1133,104,256,'2004-11-03',1);
Insert into ISPIT (MBRSTUD,SIFPRED,SIFNASTAVNIK,DATISPIT,OCJENA) values (1173,576,436,'2004-09-20',1);
Insert into ISPIT (MBRSTUD,SIFPRED,SIFNASTAVNIK,DATISPIT,OCJENA) values (1307,305,514,'2004-06-23',1);
Insert into ISPIT (MBRSTUD,SIFPRED,SIFNASTAVNIK,DATISPIT,OCJENA) values (1363,607,191,'2004-12-02',1);
Insert into ISPIT (MBRSTUD,SIFPRED,SIFNASTAVNIK,DATISPIT,OCJENA) values (1414,356,289,'2005-01-14',1);
Insert into ISPIT (MBRSTUD,SIFPRED,SIFNASTAVNIK,DATISPIT,OCJENA) values (1471,349,379,'2004-05-13',1);
Insert into ISPIT (MBRSTUD,SIFPRED,SIFNASTAVNIK,DATISPIT,OCJENA) values (1324,441,469,'2004-08-17',1);
Insert into ISPIT (MBRSTUD,SIFPRED,SIFNASTAVNIK,DATISPIT,OCJENA) values (1312,98,411,'2004-05-11',1);
Insert into ISPIT (MBRSTUD,SIFPRED,SIFNASTAVNIK,DATISPIT,OCJENA) values (1450,241,501,'2004-09-13',1);
Insert into ISPIT (MBRSTUD,SIFPRED,SIFNASTAVNIK,DATISPIT,OCJENA) values (1441,99,122,'2005-04-13',1);
Insert into ISPIT (MBRSTUD,SIFPRED,SIFNASTAVNIK,DATISPIT,OCJENA) values (1434,37,166,'2004-04-30',1);
Insert into ISPIT (MBRSTUD,SIFPRED,SIFNASTAVNIK,DATISPIT,OCJENA) values (1483,37,166,'2004-12-10',1);
Insert into ISPIT (MBRSTUD,SIFPRED,SIFNASTAVNIK,DATISPIT,OCJENA) values (1172,303,289,'2004-11-19',1);
Insert into ISPIT (MBRSTUD,SIFPRED,SIFNASTAVNIK,DATISPIT,OCJENA) values (1197,106,375,'2005-01-25',1);
Insert into ISPIT (MBRSTUD,SIFPRED,SIFNASTAVNIK,DATISPIT,OCJENA) values (1312,312,465,'2004-11-01',1);
Insert into ISPIT (MBRSTUD,SIFPRED,SIFNASTAVNIK,DATISPIT,OCJENA) values (1513,429,244,'2004-12-31',1);
Insert into ISPIT (MBRSTUD,SIFPRED,SIFNASTAVNIK,DATISPIT,OCJENA) values (1180,194,330,'2005-05-10',1);
Insert into ISPIT (MBRSTUD,SIFPRED,SIFNASTAVNIK,DATISPIT,OCJENA) values (1450,241,501,'2004-12-02',1);
Insert into ISPIT (MBRSTUD,SIFPRED,SIFNASTAVNIK,DATISPIT,OCJENA) values (1312,262,514,'2005-07-18',1);
Insert into ISPIT (MBRSTUD,SIFPRED,SIFNASTAVNIK,DATISPIT,OCJENA) values (1441,262,514,'2004-11-09',1);
Insert into ISPIT (MBRSTUD,SIFPRED,SIFNASTAVNIK,DATISPIT,OCJENA) values (1197,106,375,'2004-10-04',1);
Insert into ISPIT (MBRSTUD,SIFPRED,SIFNASTAVNIK,DATISPIT,OCJENA) values (1400,241,142,'2005-02-18',1);
Insert into ISPIT (MBRSTUD,SIFPRED,SIFNASTAVNIK,DATISPIT,OCJENA) values (1513,429,244,'2005-04-18',1);
Insert into ISPIT (MBRSTUD,SIFPRED,SIFNASTAVNIK,DATISPIT,OCJENA) values (1180,194,330,'2005-05-06',1);
Insert into ISPIT (MBRSTUD,SIFPRED,SIFNASTAVNIK,DATISPIT,OCJENA) values (1421,98,411,'2004-06-24',1);
Insert into ISPIT (MBRSTUD,SIFPRED,SIFNASTAVNIK,DATISPIT,OCJENA) values (1450,241,501,'2004-11-16',1);
Insert into ISPIT (MBRSTUD,SIFPRED,SIFNASTAVNIK,DATISPIT,OCJENA) values (1312,262,514,'2005-05-02',1);
Insert into ISPIT (MBRSTUD,SIFPRED,SIFNASTAVNIK,DATISPIT,OCJENA) values (1312,264,501,'2005-05-16',1);
Insert into ISPIT (MBRSTUD,SIFPRED,SIFNASTAVNIK,DATISPIT,OCJENA) values (1441,262,514,'2004-08-06',1);
Insert into ISPIT (MBRSTUD,SIFPRED,SIFNASTAVNIK,DATISPIT,OCJENA) values (1312,312,465,'2004-10-20',1);
Insert into ISPIT (MBRSTUD,SIFPRED,SIFNASTAVNIK,DATISPIT,OCJENA) values (1400,241,142,'2005-01-14',1);
Insert into ISPIT (MBRSTUD,SIFPRED,SIFNASTAVNIK,DATISPIT,OCJENA) values (1180,194,330,'2004-09-14',1);
Insert into ISPIT (MBRSTUD,SIFPRED,SIFNASTAVNIK,DATISPIT,OCJENA) values (1421,98,411,'2004-10-22',1);
Insert into ISPIT (MBRSTUD,SIFPRED,SIFNASTAVNIK,DATISPIT,OCJENA) values (1312,264,501,'2004-11-10',1);
Insert into ISPIT (MBRSTUD,SIFPRED,SIFNASTAVNIK,DATISPIT,OCJENA) values (1159,169,460,'2004-07-26',1);
Insert into ISPIT (MBRSTUD,SIFPRED,SIFNASTAVNIK,DATISPIT,OCJENA) values (1172,658,379,'2004-02-03',1);
Insert into ISPIT (MBRSTUD,SIFPRED,SIFNASTAVNIK,DATISPIT,OCJENA) values (1165,583,289,'2004-09-14',1);
Insert into ISPIT (MBRSTUD,SIFPRED,SIFNASTAVNIK,DATISPIT,OCJENA) values (1259,37,166,'2004-08-05',1);
Insert into ISPIT (MBRSTUD,SIFPRED,SIFNASTAVNIK,DATISPIT,OCJENA) values (1172,650,334,'2004-08-31',1);
Insert into ISPIT (MBRSTUD,SIFPRED,SIFNASTAVNIK,DATISPIT,OCJENA) values (1159,169,460,'2004-11-09',1);
Insert into ISPIT (MBRSTUD,SIFPRED,SIFNASTAVNIK,DATISPIT,OCJENA) values (1172,658,379,'2004-12-08',1);
Insert into ISPIT (MBRSTUD,SIFPRED,SIFNASTAVNIK,DATISPIT,OCJENA) values (1165,583,289,'2005-06-21',1);
Insert into ISPIT (MBRSTUD,SIFPRED,SIFNASTAVNIK,DATISPIT,OCJENA) values (1259,37,166,'2004-09-29',1);
Insert into ISPIT (MBRSTUD,SIFPRED,SIFNASTAVNIK,DATISPIT,OCJENA) values (1172,650,334,'2004-07-23',1);
Insert into ISPIT (MBRSTUD,SIFPRED,SIFNASTAVNIK,DATISPIT,OCJENA) values (1159,169,460,'2004-12-09',1);
Insert into ISPIT (MBRSTUD,SIFPRED,SIFNASTAVNIK,DATISPIT,OCJENA) values (1172,650,334,'2004-10-22',1);
Insert into ISPIT (MBRSTUD,SIFPRED,SIFNASTAVNIK,DATISPIT,OCJENA) values (1172,658,379,'2004-12-22',1);
Insert into ISPIT (MBRSTUD,SIFPRED,SIFNASTAVNIK,DATISPIT,OCJENA) values (1165,583,289,'2005-05-06',1);
Insert into ISPIT (MBRSTUD,SIFPRED,SIFNASTAVNIK,DATISPIT,OCJENA) values (1259,37,166,'2005-01-21',1);
Insert into ISPIT (MBRSTUD,SIFPRED,SIFNASTAVNIK,DATISPIT,OCJENA) values (1172,650,334,'2005-04-15',1);
Insert into ISPIT (MBRSTUD,SIFPRED,SIFNASTAVNIK,DATISPIT,OCJENA) values (1351,650,334,'2004-05-14',1);
Insert into ISPIT (MBRSTUD,SIFPRED,SIFNASTAVNIK,DATISPIT,OCJENA) values (1173,98,456,'2004-09-17',1);
Insert into ISPIT (MBRSTUD,SIFPRED,SIFNASTAVNIK,DATISPIT,OCJENA) values (1312,264,501,'2004-08-27',1);
Insert into ISPIT (MBRSTUD,SIFPRED,SIFNASTAVNIK,DATISPIT,OCJENA) values (1331,259,244,'2005-01-19',1);
Insert into ISPIT (MBRSTUD,SIFPRED,SIFNASTAVNIK,DATISPIT,OCJENA) values (1441,265,277,'2004-08-31',1);
Insert into ISPIT (MBRSTUD,SIFPRED,SIFNASTAVNIK,DATISPIT,OCJENA) values (1386,209,391,'2004-12-20',1);
Insert into ISPIT (MBRSTUD,SIFPRED,SIFNASTAVNIK,DATISPIT,OCJENA) values (1331,264,501,'2004-04-08',1);
Insert into ISPIT (MBRSTUD,SIFPRED,SIFNASTAVNIK,DATISPIT,OCJENA) values (1172,303,289,'2004-05-04',1);
Insert into ISPIT (MBRSTUD,SIFPRED,SIFNASTAVNIK,DATISPIT,OCJENA) values (1441,262,514,'2004-08-10',1);
Insert into ISPIT (MBRSTUD,SIFPRED,SIFNASTAVNIK,DATISPIT,OCJENA) values (1196,525,334,'2005-05-10',1);
Insert into ISPIT (MBRSTUD,SIFPRED,SIFNASTAVNIK,DATISPIT,OCJENA) values (1363,607,191,'2004-08-20',1);
Insert into ISPIT (MBRSTUD,SIFPRED,SIFNASTAVNIK,DATISPIT,OCJENA) values (1471,349,379,'2004-09-06',1);
Insert into ISPIT (MBRSTUD,SIFPRED,SIFNASTAVNIK,DATISPIT,OCJENA) values (1439,264,142,'2004-07-06',1);
Insert into ISPIT (MBRSTUD,SIFPRED,SIFNASTAVNIK,DATISPIT,OCJENA) values (1406,343,244,'2004-07-20',1);
Insert into ISPIT (MBRSTUD,SIFPRED,SIFNASTAVNIK,DATISPIT,OCJENA) values (1357,194,330,'2004-11-19',1);
Insert into ISPIT (MBRSTUD,SIFPRED,SIFNASTAVNIK,DATISPIT,OCJENA) values (1312,98,411,'2004-12-27',1);
Insert into ISPIT (MBRSTUD,SIFPRED,SIFNASTAVNIK,DATISPIT,OCJENA) values (1450,241,501,'2004-11-11',1);
Insert into ISPIT (MBRSTUD,SIFPRED,SIFNASTAVNIK,DATISPIT,OCJENA) values (1441,99,122,'2004-07-15',1);
Insert into ISPIT (MBRSTUD,SIFPRED,SIFNASTAVNIK,DATISPIT,OCJENA) values (1434,37,166,'2004-10-25',1);
Insert into ISPIT (MBRSTUD,SIFPRED,SIFNASTAVNIK,DATISPIT,OCJENA) values (1483,37,166,'2005-02-14',1);
Insert into ISPIT (MBRSTUD,SIFPRED,SIFNASTAVNIK,DATISPIT,OCJENA) values (1167,229,122,'2004-04-16',2);
Insert into ISPIT (MBRSTUD,SIFPRED,SIFNASTAVNIK,DATISPIT,OCJENA) values (1210,545,481,'2004-06-15',2);
Insert into ISPIT (MBRSTUD,SIFPRED,SIFNASTAVNIK,DATISPIT,OCJENA) values (1272,607,191,'2004-09-07',2);
Insert into ISPIT (MBRSTUD,SIFPRED,SIFNASTAVNIK,DATISPIT,OCJENA) values (1312,474,142,'2005-01-27',2);
Insert into ISPIT (MBRSTUD,SIFPRED,SIFNASTAVNIK,DATISPIT,OCJENA) values (1369,57,256,'2004-08-23',2);
Insert into ISPIT (MBRSTUD,SIFPRED,SIFNASTAVNIK,DATISPIT,OCJENA) values (1426,349,379,'2005-04-15',2);
Insert into ISPIT (MBRSTUD,SIFPRED,SIFNASTAVNIK,DATISPIT,OCJENA) values (1464,146,326,'2004-08-10',2);
Insert into ISPIT (MBRSTUD,SIFPRED,SIFNASTAVNIK,DATISPIT,OCJENA) values (1490,474,501,'2004-12-02',3);
Insert into ISPIT (MBRSTUD,SIFPRED,SIFNASTAVNIK,DATISPIT,OCJENA) values (1127,430,277,'2004-07-21',3);
Insert into ISPIT (MBRSTUD,SIFPRED,SIFNASTAVNIK,DATISPIT,OCJENA) values (1306,594,456,'2005-01-11',3);
Insert into ISPIT (MBRSTUD,SIFPRED,SIFNASTAVNIK,DATISPIT,OCJENA) values (1471,367,195,'2005-02-15',3);
Insert into ISPIT (MBRSTUD,SIFPRED,SIFNASTAVNIK,DATISPIT,OCJENA) values (1421,238,277,'2005-01-28',3);
Insert into ISPIT (MBRSTUD,SIFPRED,SIFNASTAVNIK,DATISPIT,OCJENA) values (1267,194,330,'2004-11-24',3);
Insert into ISPIT (MBRSTUD,SIFPRED,SIFNASTAVNIK,DATISPIT,OCJENA) values (1376,241,501,'2004-06-02',3);
Insert into ISPIT (MBRSTUD,SIFPRED,SIFNASTAVNIK,DATISPIT,OCJENA) values (1498,238,277,'2005-01-21',3);
Insert into ISPIT (MBRSTUD,SIFPRED,SIFNASTAVNIK,DATISPIT,OCJENA) values (1370,362,456,'2004-12-23',4);
Insert into ISPIT (MBRSTUD,SIFPRED,SIFNASTAVNIK,DATISPIT,OCJENA) values (1434,37,166,'2005-02-11',4);
Insert into ISPIT (MBRSTUD,SIFPRED,SIFNASTAVNIK,DATISPIT,OCJENA) values (1393,489,371,'2005-01-25',4);
Insert into ISPIT (MBRSTUD,SIFPRED,SIFNASTAVNIK,DATISPIT,OCJENA) values (1120,545,122,'2005-04-18',4);
Insert into ISPIT (MBRSTUD,SIFPRED,SIFNASTAVNIK,DATISPIT,OCJENA) values (1125,423,150,'2004-08-31',5);
Insert into ISPIT (MBRSTUD,SIFPRED,SIFNASTAVNIK,DATISPIT,OCJENA) values (1127,458,166,'2004-08-23',5);
Insert into ISPIT (MBRSTUD,SIFPRED,SIFNASTAVNIK,DATISPIT,OCJENA) values (1172,102,232,'2004-02-13',5);
Insert into ISPIT (MBRSTUD,SIFPRED,SIFNASTAVNIK,DATISPIT,OCJENA) values (1139,607,281,'2004-08-03',2);
Insert into ISPIT (MBRSTUD,SIFPRED,SIFNASTAVNIK,DATISPIT,OCJENA) values (1140,301,301,'2004-05-04',2);
Insert into ISPIT (MBRSTUD,SIFPRED,SIFNASTAVNIK,DATISPIT,OCJENA) values (1145,355,334,'2005-01-25',2);
Insert into ISPIT (MBRSTUD,SIFPRED,SIFNASTAVNIK,DATISPIT,OCJENA) values (1230,68,371,'2004-08-06',2);
Insert into ISPIT (MBRSTUD,SIFPRED,SIFNASTAVNIK,DATISPIT,OCJENA) values (1152,549,391,'2003-11-18',2);
Insert into ISPIT (MBRSTUD,SIFPRED,SIFNASTAVNIK,DATISPIT,OCJENA) values (1153,278,436,'2005-05-05',2);
Insert into ISPIT (MBRSTUD,SIFPRED,SIFNASTAVNIK,DATISPIT,OCJENA) values (1160,99,481,'2004-07-26',2);
Insert into ISPIT (MBRSTUD,SIFPRED,SIFNASTAVNIK,DATISPIT,OCJENA) values (1331,609,505,'2004-05-13',2);
Insert into ISPIT (MBRSTUD,SIFPRED,SIFNASTAVNIK,DATISPIT,OCJENA) values (1172,305,154,'2005-04-27',2);
Insert into ISPIT (MBRSTUD,SIFPRED,SIFNASTAVNIK,DATISPIT,OCJENA) values (1173,253,166,'2004-02-20',2);
Insert into ISPIT (MBRSTUD,SIFPRED,SIFNASTAVNIK,DATISPIT,OCJENA) values (1178,515,236,'2004-05-31',2);
Insert into ISPIT (MBRSTUD,SIFPRED,SIFNASTAVNIK,DATISPIT,OCJENA) values (1386,459,256,'2004-06-23',2);
Insert into ISPIT (MBRSTUD,SIFPRED,SIFNASTAVNIK,DATISPIT,OCJENA) values (1189,367,285,'2005-04-20',2);
Insert into ISPIT (MBRSTUD,SIFPRED,SIFNASTAVNIK,DATISPIT,OCJENA) values (1190,453,301,'2004-09-07',3);
Insert into ISPIT (MBRSTUD,SIFPRED,SIFNASTAVNIK,DATISPIT,OCJENA) values (1441,420,391,'2004-07-02',3);
Insert into ISPIT (MBRSTUD,SIFPRED,SIFNASTAVNIK,DATISPIT,OCJENA) values (1204,576,436,'2004-11-15',3);
Insert into ISPIT (MBRSTUD,SIFPRED,SIFNASTAVNIK,DATISPIT,OCJENA) values (1209,267,465,'2004-05-06',3);
Insert into ISPIT (MBRSTUD,SIFPRED,SIFNASTAVNIK,DATISPIT,OCJENA) values (1216,423,509,'2004-07-19',3);
Insert into ISPIT (MBRSTUD,SIFPRED,SIFNASTAVNIK,DATISPIT,OCJENA) values (1490,229,122,'2004-08-04',3);
Insert into ISPIT (MBRSTUD,SIFPRED,SIFNASTAVNIK,DATISPIT,OCJENA) values (1222,305,154,'2004-09-06',3);
Insert into ISPIT (MBRSTUD,SIFPRED,SIFNASTAVNIK,DATISPIT,OCJENA) values (1223,253,166,'2004-08-31',3);
Insert into ISPIT (MBRSTUD,SIFPRED,SIFNASTAVNIK,DATISPIT,OCJENA) values (1229,515,236,'2004-12-14',3);
Insert into ISPIT (MBRSTUD,SIFPRED,SIFNASTAVNIK,DATISPIT,OCJENA) values (1230,459,256,'2004-12-10',3);
Insert into ISPIT (MBRSTUD,SIFPRED,SIFNASTAVNIK,DATISPIT,OCJENA) values (1237,453,301,'2004-05-13',3);
Insert into ISPIT (MBRSTUD,SIFPRED,SIFNASTAVNIK,DATISPIT,OCJENA) values (1242,525,334,'2005-04-20',3);
Insert into ISPIT (MBRSTUD,SIFPRED,SIFNASTAVNIK,DATISPIT,OCJENA) values (1243,106,375,'2005-04-29',3);
Insert into ISPIT (MBRSTUD,SIFPRED,SIFNASTAVNIK,DATISPIT,OCJENA) values (1249,420,391,'2005-04-28',3);
Insert into ISPIT (MBRSTUD,SIFPRED,SIFNASTAVNIK,DATISPIT,OCJENA) values (1254,267,465,'2005-05-04',4);
Insert into ISPIT (MBRSTUD,SIFPRED,SIFNASTAVNIK,DATISPIT,OCJENA) values (1259,545,481,'2005-02-18',4);
Insert into ISPIT (MBRSTUD,SIFPRED,SIFNASTAVNIK,DATISPIT,OCJENA) values (1261,423,509,'2004-09-17',4);
Insert into ISPIT (MBRSTUD,SIFPRED,SIFNASTAVNIK,DATISPIT,OCJENA) values (1266,474,142,'2004-12-07',4);
Insert into ISPIT (MBRSTUD,SIFPRED,SIFNASTAVNIK,DATISPIT,OCJENA) values (1222,357,154,'2005-06-14',4);
Insert into ISPIT (MBRSTUD,SIFPRED,SIFNASTAVNIK,DATISPIT,OCJENA) values (1274,39,236,'2004-06-18',4);
Insert into ISPIT (MBRSTUD,SIFPRED,SIFNASTAVNIK,DATISPIT,OCJENA) values (1279,57,256,'2005-05-06',4);
Insert into ISPIT (MBRSTUD,SIFPRED,SIFNASTAVNIK,DATISPIT,OCJENA) values (1280,304,289,'2004-06-15',2);
Insert into ISPIT (MBRSTUD,SIFPRED,SIFNASTAVNIK,DATISPIT,OCJENA) values (1266,286,326,'2005-04-26',2);
Insert into ISPIT (MBRSTUD,SIFPRED,SIFNASTAVNIK,DATISPIT,OCJENA) values (1287,288,367,'2004-09-28',2);
Insert into ISPIT (MBRSTUD,SIFPRED,SIFNASTAVNIK,DATISPIT,OCJENA) values (1292,658,379,'2004-12-09',2);
Insert into ISPIT (MBRSTUD,SIFPRED,SIFNASTAVNIK,DATISPIT,OCJENA) values (1294,594,411,'2005-02-10',2);
Insert into ISPIT (MBRSTUD,SIFPRED,SIFNASTAVNIK,DATISPIT,OCJENA) values (1299,450,436,'2005-04-19',2);
Insert into ISPIT (MBRSTUD,SIFPRED,SIFNASTAVNIK,DATISPIT,OCJENA) values (1306,229,481,'2004-05-24',2);
Insert into ISPIT (MBRSTUD,SIFPRED,SIFNASTAVNIK,DATISPIT,OCJENA) values (1314,357,154,'2004-12-13',2);
Insert into ISPIT (MBRSTUD,SIFPRED,SIFNASTAVNIK,DATISPIT,OCJENA) values (1351,607,191,'2004-12-28',2);
Insert into ISPIT (MBRSTUD,SIFPRED,SIFNASTAVNIK,DATISPIT,OCJENA) values (1317,39,236,'2005-05-10',2);
Insert into ISPIT (MBRSTUD,SIFPRED,SIFNASTAVNIK,DATISPIT,OCJENA) values (1323,57,256,'2004-09-16',2);
Insert into ISPIT (MBRSTUD,SIFPRED,SIFNASTAVNIK,DATISPIT,OCJENA) values (1324,304,289,'2004-10-05',2);
Insert into ISPIT (MBRSTUD,SIFPRED,SIFNASTAVNIK,DATISPIT,OCJENA) values (1329,286,326,'2004-11-23',2);
Insert into ISPIT (MBRSTUD,SIFPRED,SIFNASTAVNIK,DATISPIT,OCJENA) values (1393,288,367,'2005-01-07',2);
Insert into ISPIT (MBRSTUD,SIFPRED,SIFNASTAVNIK,DATISPIT,OCJENA) values (1336,658,379,'2004-12-31',2);
Insert into ISPIT (MBRSTUD,SIFPRED,SIFNASTAVNIK,DATISPIT,OCJENA) values (1337,594,411,'2005-01-17',2);
Insert into ISPIT (MBRSTUD,SIFPRED,SIFNASTAVNIK,DATISPIT,OCJENA) values (1343,450,436,'2004-02-27',2);
Insert into ISPIT (MBRSTUD,SIFPRED,SIFNASTAVNIK,DATISPIT,OCJENA) values (1344,312,465,'2005-04-26',3);
Insert into ISPIT (MBRSTUD,SIFPRED,SIFNASTAVNIK,DATISPIT,OCJENA) values (1434,229,481,'2004-08-19',3);
Insert into ISPIT (MBRSTUD,SIFPRED,SIFNASTAVNIK,DATISPIT,OCJENA) values (1351,305,514,'2005-05-03',3);
Insert into ISPIT (MBRSTUD,SIFPRED,SIFNASTAVNIK,DATISPIT,OCJENA) values (1356,474,142,'2004-12-22',3);
Insert into ISPIT (MBRSTUD,SIFPRED,SIFNASTAVNIK,DATISPIT,OCJENA) values (1357,357,154,'2004-01-12',3);
Insert into ISPIT (MBRSTUD,SIFPRED,SIFNASTAVNIK,DATISPIT,OCJENA) values (1363,607,191,'2005-05-06',3);
Insert into ISPIT (MBRSTUD,SIFPRED,SIFNASTAVNIK,DATISPIT,OCJENA) values (1483,39,236,'2004-08-27',3);
Insert into ISPIT (MBRSTUD,SIFPRED,SIFNASTAVNIK,DATISPIT,OCJENA) values (1370,304,289,'2005-02-03',3);
Insert into ISPIT (MBRSTUD,SIFPRED,SIFNASTAVNIK,DATISPIT,OCJENA) values (1376,286,326,'2004-07-23',3);
Insert into ISPIT (MBRSTUD,SIFPRED,SIFNASTAVNIK,DATISPIT,OCJENA) values (1377,288,367,'2004-12-02',3);
Insert into ISPIT (MBRSTUD,SIFPRED,SIFNASTAVNIK,DATISPIT,OCJENA) values (1381,594,411,'2005-02-25',3);
Insert into ISPIT (MBRSTUD,SIFPRED,SIFNASTAVNIK,DATISPIT,OCJENA) values (1386,450,436,'2005-01-14',3);
Insert into ISPIT (MBRSTUD,SIFPRED,SIFNASTAVNIK,DATISPIT,OCJENA) values (1388,312,465,'2004-11-05',3);
Insert into ISPIT (MBRSTUD,SIFPRED,SIFNASTAVNIK,DATISPIT,OCJENA) values (1393,229,481,'2004-11-01',3);
Insert into ISPIT (MBRSTUD,SIFPRED,SIFNASTAVNIK,DATISPIT,OCJENA) values (1230,305,514,'2004-06-04',3);
Insert into ISPIT (MBRSTUD,SIFPRED,SIFNASTAVNIK,DATISPIT,OCJENA) values (1401,646,154,'2004-09-15',3);
Insert into ISPIT (MBRSTUD,SIFPRED,SIFNASTAVNIK,DATISPIT,OCJENA) values (1406,367,195,'2005-01-14',3);
Insert into ISPIT (MBRSTUD,SIFPRED,SIFNASTAVNIK,DATISPIT,OCJENA) values (1408,429,244,'2004-11-03',3);
Insert into ISPIT (MBRSTUD,SIFPRED,SIFNASTAVNIK,DATISPIT,OCJENA) values (1331,430,277,'2004-08-10',3);
Insert into ISPIT (MBRSTUD,SIFPRED,SIFNASTAVNIK,DATISPIT,OCJENA) values (1419,146,326,'2004-10-12',4);
Insert into ISPIT (MBRSTUD,SIFPRED,SIFNASTAVNIK,DATISPIT,OCJENA) values (1421,371,367,'2005-06-01',4);
Insert into ISPIT (MBRSTUD,SIFPRED,SIFNASTAVNIK,DATISPIT,OCJENA) values (1386,362,411,'2004-09-24',4);
Insert into ISPIT (MBRSTUD,SIFPRED,SIFNASTAVNIK,DATISPIT,OCJENA) values (1433,594,456,'2005-01-18',4);
Insert into ISPIT (MBRSTUD,SIFPRED,SIFNASTAVNIK,DATISPIT,OCJENA) values (1434,441,469,'2004-09-06',4);
Insert into ISPIT (MBRSTUD,SIFPRED,SIFNASTAVNIK,DATISPIT,OCJENA) values (1439,474,501,'2005-02-25',4);
Insert into ISPIT (MBRSTUD,SIFPRED,SIFNASTAVNIK,DATISPIT,OCJENA) values (1441,357,514,'2003-09-01',4);
Insert into ISPIT (MBRSTUD,SIFPRED,SIFNASTAVNIK,DATISPIT,OCJENA) values (1441,241,142,'2005-05-10',4);
Insert into ISPIT (MBRSTUD,SIFPRED,SIFNASTAVNIK,DATISPIT,OCJENA) values (1450,646,154,'2004-09-14',4);
Insert into ISPIT (MBRSTUD,SIFPRED,SIFNASTAVNIK,DATISPIT,OCJENA) values (1451,367,195,'2004-12-03',4);
Insert into ISPIT (MBRSTUD,SIFPRED,SIFNASTAVNIK,DATISPIT,OCJENA) values (1457,429,244,'2004-10-25',5);
Insert into ISPIT (MBRSTUD,SIFPRED,SIFNASTAVNIK,DATISPIT,OCJENA) values (1458,430,277,'2004-09-07',5);
Insert into ISPIT (MBRSTUD,SIFPRED,SIFNASTAVNIK,DATISPIT,OCJENA) values (1490,356,289,'2005-04-20',5);
Insert into ISPIT (MBRSTUD,SIFPRED,SIFNASTAVNIK,DATISPIT,OCJENA) values (1470,371,367,'2004-07-23',5);
Insert into ISPIT (MBRSTUD,SIFPRED,SIFNASTAVNIK,DATISPIT,OCJENA) values (1471,349,379,'2004-12-15',5);
Insert into ISPIT (MBRSTUD,SIFPRED,SIFNASTAVNIK,DATISPIT,OCJENA) values (1476,362,411,'2004-08-03',5);
Insert into ISPIT (MBRSTUD,SIFPRED,SIFNASTAVNIK,DATISPIT,OCJENA) values (1483,594,456,'2004-05-18',5);
Insert into ISPIT (MBRSTUD,SIFPRED,SIFNASTAVNIK,DATISPIT,OCJENA) values (1484,441,469,'2005-01-10',5);
Insert into ISPIT (MBRSTUD,SIFPRED,SIFNASTAVNIK,DATISPIT,OCJENA) values (1491,357,514,'2005-04-13',2);
Insert into ISPIT (MBRSTUD,SIFPRED,SIFNASTAVNIK,DATISPIT,OCJENA) values (1498,241,142,'2005-02-25',2);
Insert into ISPIT (MBRSTUD,SIFPRED,SIFNASTAVNIK,DATISPIT,OCJENA) values (1503,646,154,'2004-06-28',2);
Insert into ISPIT (MBRSTUD,SIFPRED,SIFNASTAVNIK,DATISPIT,OCJENA) values (1504,367,195,'2004-12-16',2);
Insert into ISPIT (MBRSTUD,SIFPRED,SIFNASTAVNIK,DATISPIT,OCJENA) values (1152,356,289,'2005-05-10',3);
Insert into ISPIT (MBRSTUD,SIFPRED,SIFNASTAVNIK,DATISPIT,OCJENA) values (1173,146,326,'2004-10-11',3);
Insert into ISPIT (MBRSTUD,SIFPRED,SIFNASTAVNIK,DATISPIT,OCJENA) values (1202,371,367,'2004-09-10',3);
Insert into ISPIT (MBRSTUD,SIFPRED,SIFNASTAVNIK,DATISPIT,OCJENA) values (1370,474,501,'2005-05-10',3);
Insert into ISPIT (MBRSTUD,SIFPRED,SIFNASTAVNIK,DATISPIT,OCJENA) values (1414,241,142,'2004-05-05',3);
Insert into ISPIT (MBRSTUD,SIFPRED,SIFNASTAVNIK,DATISPIT,OCJENA) values (1439,646,154,'2004-09-21',3);
Insert into ISPIT (MBRSTUD,SIFPRED,SIFNASTAVNIK,DATISPIT,OCJENA) values (1496,429,244,'2004-10-08',4);
Insert into ISPIT (MBRSTUD,SIFPRED,SIFNASTAVNIK,DATISPIT,OCJENA) values (1202,146,326,'2004-09-16',4);
Insert into ISPIT (MBRSTUD,SIFPRED,SIFNASTAVNIK,DATISPIT,OCJENA) values (1223,371,367,'2004-05-14',4);
Insert into ISPIT (MBRSTUD,SIFPRED,SIFNASTAVNIK,DATISPIT,OCJENA) values (1249,349,379,'2005-04-15',5);
Insert into ISPIT (MBRSTUD,SIFPRED,SIFNASTAVNIK,DATISPIT,OCJENA) values (1272,362,411,'2004-09-22',5);
Insert into ISPIT (MBRSTUD,SIFPRED,SIFNASTAVNIK,DATISPIT,OCJENA) values (1324,594,456,'2004-01-02',5);
Insert into ISPIT (MBRSTUD,SIFPRED,SIFNASTAVNIK,DATISPIT,OCJENA) values (1349,441,469,'2005-05-16',3);
Insert into ISPIT (MBRSTUD,SIFPRED,SIFNASTAVNIK,DATISPIT,OCJENA) values (1393,357,514,'2004-09-10',3);
Insert into ISPIT (MBRSTUD,SIFPRED,SIFNASTAVNIK,DATISPIT,OCJENA) values (1450,262,154,'2003-10-29',3);
Insert into ISPIT (MBRSTUD,SIFPRED,SIFNASTAVNIK,DATISPIT,OCJENA) values (1471,284,232,'2005-05-10',3);
Insert into ISPIT (MBRSTUD,SIFPRED,SIFNASTAVNIK,DATISPIT,OCJENA) values (1496,343,244,'2004-05-12',3);
Insert into ISPIT (MBRSTUD,SIFPRED,SIFNASTAVNIK,DATISPIT,OCJENA) values (1147,238,277,'2004-07-16',3);
Insert into ISPIT (MBRSTUD,SIFPRED,SIFNASTAVNIK,DATISPIT,OCJENA) values (1180,194,330,'2005-06-07',3);
Insert into ISPIT (MBRSTUD,SIFPRED,SIFNASTAVNIK,DATISPIT,OCJENA) values (1202,103,367,'2004-10-28',3);
Insert into ISPIT (MBRSTUD,SIFPRED,SIFNASTAVNIK,DATISPIT,OCJENA) values (1235,419,379,'2004-04-29',3);
Insert into ISPIT (MBRSTUD,SIFPRED,SIFNASTAVNIK,DATISPIT,OCJENA) values (1253,98,411,'2005-02-04',3);
Insert into ISPIT (MBRSTUD,SIFPRED,SIFNASTAVNIK,DATISPIT,OCJENA) values (1267,362,456,'2004-12-08',3);
Insert into ISPIT (MBRSTUD,SIFPRED,SIFNASTAVNIK,DATISPIT,OCJENA) values (1286,346,469,'2004-07-20',4);
Insert into ISPIT (MBRSTUD,SIFPRED,SIFNASTAVNIK,DATISPIT,OCJENA) values (1312,241,501,'2004-10-28',4);
Insert into ISPIT (MBRSTUD,SIFPRED,SIFNASTAVNIK,DATISPIT,OCJENA) values (1324,646,514,'2005-05-31',4);
Insert into ISPIT (MBRSTUD,SIFPRED,SIFNASTAVNIK,DATISPIT,OCJENA) values (1343,264,142,'2004-09-03',4);
Insert into ISPIT (MBRSTUD,SIFPRED,SIFNASTAVNIK,DATISPIT,OCJENA) values (1357,262,154,'2004-11-08',4);
Insert into ISPIT (MBRSTUD,SIFPRED,SIFNASTAVNIK,DATISPIT,OCJENA) values (1388,284,232,'2005-04-26',4);
Insert into ISPIT (MBRSTUD,SIFPRED,SIFNASTAVNIK,DATISPIT,OCJENA) values (1439,583,289,'2004-01-26',2);
Insert into ISPIT (MBRSTUD,SIFPRED,SIFNASTAVNIK,DATISPIT,OCJENA) values (1464,194,330,'2003-09-12',2);
Insert into ISPIT (MBRSTUD,SIFPRED,SIFNASTAVNIK,DATISPIT,OCJENA) values (1483,103,367,'2005-05-13',2);
Insert into ISPIT (MBRSTUD,SIFPRED,SIFNASTAVNIK,DATISPIT,OCJENA) values (1498,419,379,'2005-01-14',2);
Insert into ISPIT (MBRSTUD,SIFPRED,SIFNASTAVNIK,DATISPIT,OCJENA) values (1132,98,411,'2005-05-20',3);
Insert into ISPIT (MBRSTUD,SIFPRED,SIFNASTAVNIK,DATISPIT,OCJENA) values (1165,362,456,'2005-05-16',3);
Insert into ISPIT (MBRSTUD,SIFPRED,SIFNASTAVNIK,DATISPIT,OCJENA) values (1180,346,469,'2004-11-09',3);
Insert into ISPIT (MBRSTUD,SIFPRED,SIFNASTAVNIK,DATISPIT,OCJENA) values (1202,241,501,'2005-01-25',3);
Insert into ISPIT (MBRSTUD,SIFPRED,SIFNASTAVNIK,DATISPIT,OCJENA) values (1217,646,514,'2005-08-04',3);
Insert into ISPIT (MBRSTUD,SIFPRED,SIFNASTAVNIK,DATISPIT,OCJENA) values (1253,264,142,'2004-05-04',4);
Insert into ISPIT (MBRSTUD,SIFPRED,SIFNASTAVNIK,DATISPIT,OCJENA) values (1267,262,154,'2004-08-09',4);
Insert into ISPIT (MBRSTUD,SIFPRED,SIFNASTAVNIK,DATISPIT,OCJENA) values (1286,284,232,'2005-06-27',4);
Insert into ISPIT (MBRSTUD,SIFPRED,SIFNASTAVNIK,DATISPIT,OCJENA) values (1294,343,244,'2004-08-05',2);
Insert into ISPIT (MBRSTUD,SIFPRED,SIFNASTAVNIK,DATISPIT,OCJENA) values (1324,238,277,'2005-05-12',2);
Insert into ISPIT (MBRSTUD,SIFPRED,SIFNASTAVNIK,DATISPIT,OCJENA) values (1343,583,289,'2004-11-18',2);
Insert into ISPIT (MBRSTUD,SIFPRED,SIFNASTAVNIK,DATISPIT,OCJENA) values (1376,103,367,'2005-05-06',2);
Insert into ISPIT (MBRSTUD,SIFPRED,SIFNASTAVNIK,DATISPIT,OCJENA) values (1406,419,379,'2005-05-05',2);
Insert into ISPIT (MBRSTUD,SIFPRED,SIFNASTAVNIK,DATISPIT,OCJENA) values (1439,362,456,'2004-07-14',2);
Insert into ISPIT (MBRSTUD,SIFPRED,SIFNASTAVNIK,DATISPIT,OCJENA) values (1450,346,469,'2005-06-14',2);
Insert into ISPIT (MBRSTUD,SIFPRED,SIFNASTAVNIK,DATISPIT,OCJENA) values (1483,241,501,'2004-07-30',2);
Insert into ISPIT (MBRSTUD,SIFPRED,SIFNASTAVNIK,DATISPIT,OCJENA) values (1498,646,514,'2004-12-02',2);
Insert into ISPIT (MBRSTUD,SIFPRED,SIFNASTAVNIK,DATISPIT,OCJENA) values (1132,264,142,'2004-05-27',2);
Insert into ISPIT (MBRSTUD,SIFPRED,SIFNASTAVNIK,DATISPIT,OCJENA) values (1147,262,154,'2004-06-10',2);
Insert into ISPIT (MBRSTUD,SIFPRED,SIFNASTAVNIK,DATISPIT,OCJENA) values (1180,284,232,'2004-10-12',2);
Insert into ISPIT (MBRSTUD,SIFPRED,SIFNASTAVNIK,DATISPIT,OCJENA) values (1202,343,244,'2004-11-19',2);
Insert into ISPIT (MBRSTUD,SIFPRED,SIFNASTAVNIK,DATISPIT,OCJENA) values (1217,238,277,'2004-10-04',3);
Insert into ISPIT (MBRSTUD,SIFPRED,SIFNASTAVNIK,DATISPIT,OCJENA) values (1235,583,289,'2004-06-07',3);
Insert into ISPIT (MBRSTUD,SIFPRED,SIFNASTAVNIK,DATISPIT,OCJENA) values (1286,103,367,'2005-01-07',3);
Insert into ISPIT (MBRSTUD,SIFPRED,SIFNASTAVNIK,DATISPIT,OCJENA) values (1294,419,379,'2004-07-26',3);
Insert into ISPIT (MBRSTUD,SIFPRED,SIFNASTAVNIK,DATISPIT,OCJENA) values (1312,98,411,'2005-02-16',3);
Insert into ISPIT (MBRSTUD,SIFPRED,SIFNASTAVNIK,DATISPIT,OCJENA) values (1343,362,456,'2004-09-28',3);
Insert into ISPIT (MBRSTUD,SIFPRED,SIFNASTAVNIK,DATISPIT,OCJENA) values (1357,346,469,'2005-05-31',3);
Insert into ISPIT (MBRSTUD,SIFPRED,SIFNASTAVNIK,DATISPIT,OCJENA) values (1388,646,514,'2005-06-28',3);
Insert into ISPIT (MBRSTUD,SIFPRED,SIFNASTAVNIK,DATISPIT,OCJENA) values (1421,264,142,'2004-10-18',3);
Insert into ISPIT (MBRSTUD,SIFPRED,SIFNASTAVNIK,DATISPIT,OCJENA) values (1439,262,154,'2004-07-13',3);
Insert into ISPIT (MBRSTUD,SIFPRED,SIFNASTAVNIK,DATISPIT,OCJENA) values (1450,284,232,'2005-04-18',3);
Insert into ISPIT (MBRSTUD,SIFPRED,SIFNASTAVNIK,DATISPIT,OCJENA) values (1464,343,244,'2004-08-31',3);
Insert into ISPIT (MBRSTUD,SIFPRED,SIFNASTAVNIK,DATISPIT,OCJENA) values (1145,583,289,'2005-06-20',3);
Insert into ISPIT (MBRSTUD,SIFPRED,SIFNASTAVNIK,DATISPIT,OCJENA) values (1222,103,367,'2005-02-22',3);
Insert into ISPIT (MBRSTUD,SIFPRED,SIFNASTAVNIK,DATISPIT,OCJENA) values (1300,419,379,'2004-12-14',4);
Insert into ISPIT (MBRSTUD,SIFPRED,SIFNASTAVNIK,DATISPIT,OCJENA) values (1336,98,411,'2004-12-10',4);
Insert into ISPIT (MBRSTUD,SIFPRED,SIFNASTAVNIK,DATISPIT,OCJENA) values (1406,346,469,'2004-06-24',4);
Insert into ISPIT (MBRSTUD,SIFPRED,SIFNASTAVNIK,DATISPIT,OCJENA) values (1484,646,514,'2005-02-22',4);
Insert into ISPIT (MBRSTUD,SIFPRED,SIFNASTAVNIK,DATISPIT,OCJENA) values (1145,99,122,'2004-12-14',4);
Insert into ISPIT (MBRSTUD,SIFPRED,SIFNASTAVNIK,DATISPIT,OCJENA) values (1180,609,146,'2004-09-17',4);
Insert into ISPIT (MBRSTUD,SIFPRED,SIFNASTAVNIK,DATISPIT,OCJENA) values (1300,370,232,'2004-11-18',4);
Insert into ISPIT (MBRSTUD,SIFPRED,SIFNASTAVNIK,DATISPIT,OCJENA) values (1336,259,244,'2005-02-22',2);
Insert into ISPIT (MBRSTUD,SIFPRED,SIFNASTAVNIK,DATISPIT,OCJENA) values (1370,265,277,'2004-12-15',2);
Insert into ISPIT (MBRSTUD,SIFPRED,SIFNASTAVNIK,DATISPIT,OCJENA) values (1441,303,289,'2004-09-28',2);
Insert into ISPIT (MBRSTUD,SIFPRED,SIFNASTAVNIK,DATISPIT,OCJENA) values (1450,650,334,'2005-06-03',3);
Insert into ISPIT (MBRSTUD,SIFPRED,SIFNASTAVNIK,DATISPIT,OCJENA) values (1484,489,371,'2005-05-04',3);
Insert into ISPIT (MBRSTUD,SIFPRED,SIFNASTAVNIK,DATISPIT,OCJENA) values (1145,209,391,'2004-09-28',3);
Insert into ISPIT (MBRSTUD,SIFPRED,SIFNASTAVNIK,DATISPIT,OCJENA) values (1222,367,420,'2004-08-20',4);
Insert into ISPIT (MBRSTUD,SIFPRED,SIFNASTAVNIK,DATISPIT,OCJENA) values (1259,98,456,'2004-12-02',4);
Insert into ISPIT (MBRSTUD,SIFPRED,SIFNASTAVNIK,DATISPIT,OCJENA) values (1300,378,469,'2005-01-06',2);
Insert into ISPIT (MBRSTUD,SIFPRED,SIFNASTAVNIK,DATISPIT,OCJENA) values (1336,264,501,'2005-04-08',2);
Insert into ISPIT (MBRSTUD,SIFPRED,SIFNASTAVNIK,DATISPIT,OCJENA) values (1406,262,514,'2005-04-28',2);
Insert into ISPIT (MBRSTUD,SIFPRED,SIFNASTAVNIK,DATISPIT,OCJENA) values (1450,609,146,'2004-10-01',3);
Insert into ISPIT (MBRSTUD,SIFPRED,SIFNASTAVNIK,DATISPIT,OCJENA) values (1145,37,166,'2005-04-22',3);
Insert into ISPIT (MBRSTUD,SIFPRED,SIFNASTAVNIK,DATISPIT,OCJENA) values (1180,370,232,'2005-02-25',3);
Insert into ISPIT (MBRSTUD,SIFPRED,SIFNASTAVNIK,DATISPIT,OCJENA) values (1259,265,277,'2005-01-27',4);
Insert into ISPIT (MBRSTUD,SIFPRED,SIFNASTAVNIK,DATISPIT,OCJENA) values (1336,303,289,'2004-06-25',4);
Insert into ISPIT (MBRSTUD,SIFPRED,SIFNASTAVNIK,DATISPIT,OCJENA) values (1370,650,334,'2005-02-18',2);
Insert into ISPIT (MBRSTUD,SIFPRED,SIFNASTAVNIK,DATISPIT,OCJENA) values (1406,489,371,'2004-08-27',2);
Insert into ISPIT (MBRSTUD,SIFPRED,SIFNASTAVNIK,DATISPIT,OCJENA) values (1441,209,391,'2005-04-19',3);
Insert into ISPIT (MBRSTUD,SIFPRED,SIFNASTAVNIK,DATISPIT,OCJENA) values (1484,367,420,'2005-05-10',3);
Insert into ISPIT (MBRSTUD,SIFPRED,SIFNASTAVNIK,DATISPIT,OCJENA) values (1173,378,469,'2005-01-24',3);
Insert into ISPIT (MBRSTUD,SIFPRED,SIFNASTAVNIK,DATISPIT,OCJENA) values (1222,264,501,'2004-12-03',4);
Insert into ISPIT (MBRSTUD,SIFPRED,SIFNASTAVNIK,DATISPIT,OCJENA) values (1351,99,122,'2005-06-17',4);
Insert into ISPIT (MBRSTUD,SIFPRED,SIFNASTAVNIK,DATISPIT,OCJENA) values (1393,609,146,'2004-11-22',5);
Insert into ISPIT (MBRSTUD,SIFPRED,SIFNASTAVNIK,DATISPIT,OCJENA) values (1173,259,244,'2004-04-16',2);
Insert into ISPIT (MBRSTUD,SIFPRED,SIFNASTAVNIK,DATISPIT,OCJENA) values (1222,265,277,'2005-01-25',2);
Insert into ISPIT (MBRSTUD,SIFPRED,SIFNASTAVNIK,DATISPIT,OCJENA) values (1266,303,289,'2004-10-27',2);
Insert into ISPIT (MBRSTUD,SIFPRED,SIFNASTAVNIK,DATISPIT,OCJENA) values (1351,650,334,'2005-05-17',2);
Insert into ISPIT (MBRSTUD,SIFPRED,SIFNASTAVNIK,DATISPIT,OCJENA) values (1434,209,391,'2004-06-16',2);
Insert into ISPIT (MBRSTUD,SIFPRED,SIFNASTAVNIK,DATISPIT,OCJENA) values (1483,367,420,'2004-11-02',2);
Insert into ISPIT (MBRSTUD,SIFPRED,SIFNASTAVNIK,DATISPIT,OCJENA) values (1173,98,456,'2005-04-29',2);
Insert into ISPIT (MBRSTUD,SIFPRED,SIFNASTAVNIK,DATISPIT,OCJENA) values (1222,378,469,'2005-06-06',2);
Insert into ISPIT (MBRSTUD,SIFPRED,SIFNASTAVNIK,DATISPIT,OCJENA) values (1266,264,501,'2005-05-10',2);
Insert into ISPIT (MBRSTUD,SIFPRED,SIFNASTAVNIK,DATISPIT,OCJENA) values (1434,609,146,'2004-11-15',2);
Insert into ISPIT (MBRSTUD,SIFPRED,SIFNASTAVNIK,DATISPIT,OCJENA) values (1483,37,166,'2005-05-04',2);
Insert into ISPIT (MBRSTUD,SIFPRED,SIFNASTAVNIK,DATISPIT,OCJENA) values (1132,370,232,'2004-12-15',3);
Insert into ISPIT (MBRSTUD,SIFPRED,SIFNASTAVNIK,DATISPIT,OCJENA) values (1222,259,244,'2005-02-03',3);
Insert into ISPIT (MBRSTUD,SIFPRED,SIFNASTAVNIK,DATISPIT,OCJENA) values (1266,265,277,'2005-04-20',3);
Insert into ISPIT (MBRSTUD,SIFPRED,SIFNASTAVNIK,DATISPIT,OCJENA) values (1312,303,289,'2004-08-20',3);
Insert into ISPIT (MBRSTUD,SIFPRED,SIFNASTAVNIK,DATISPIT,OCJENA) values (1434,489,371,'2004-01-08',3);
Insert into ISPIT (MBRSTUD,SIFPRED,SIFNASTAVNIK,DATISPIT,OCJENA) values (1483,209,391,'2005-04-27',3);
Insert into ISPIT (MBRSTUD,SIFPRED,SIFNASTAVNIK,DATISPIT,OCJENA) values (1132,367,420,'2004-11-29',3);
Insert into ISPIT (MBRSTUD,SIFPRED,SIFNASTAVNIK,DATISPIT,OCJENA) values (1266,378,469,'2004-05-19',3);
Insert into ISPIT (MBRSTUD,SIFPRED,SIFNASTAVNIK,DATISPIT,OCJENA) values (1351,262,514,'2004-09-21',3);
Insert into ISPIT (MBRSTUD,SIFPRED,SIFNASTAVNIK,DATISPIT,OCJENA) values (1393,99,122,'2005-07-19',3);
Insert into ISPIT (MBRSTUD,SIFPRED,SIFNASTAVNIK,DATISPIT,OCJENA) values (1483,609,146,'2004-12-09',3);
Insert into ISPIT (MBRSTUD,SIFPRED,SIFNASTAVNIK,DATISPIT,OCJENA) values (1172,37,166,'2004-05-06',3);
Insert into ISPIT (MBRSTUD,SIFPRED,SIFNASTAVNIK,DATISPIT,OCJENA) values (1230,370,232,'2005-04-22',3);
Insert into ISPIT (MBRSTUD,SIFPRED,SIFNASTAVNIK,DATISPIT,OCJENA) values (1490,303,289,'2004-12-09',3);
Insert into ISPIT (MBRSTUD,SIFPRED,SIFNASTAVNIK,DATISPIT,OCJENA) values (1172,650,334,'2005-07-12',3);
Insert into ISPIT (MBRSTUD,SIFPRED,SIFNASTAVNIK,DATISPIT,OCJENA) values (1230,489,371,'2004-10-15',3);
Insert into ISPIT (MBRSTUD,SIFPRED,SIFNASTAVNIK,DATISPIT,OCJENA) values (1441,367,420,'2005-05-03',4);
Insert into ISPIT (MBRSTUD,SIFPRED,SIFNASTAVNIK,DATISPIT,OCJENA) values (1490,98,456,'2004-11-23',4);
Insert into ISPIT (MBRSTUD,SIFPRED,SIFNASTAVNIK,DATISPIT,OCJENA) values (1172,378,469,'2003-12-19',4);
Insert into ISPIT (MBRSTUD,SIFPRED,SIFNASTAVNIK,DATISPIT,OCJENA) values (1386,262,514,'2003-10-20',4);
Insert into ISPIT (MBRSTUD,SIFPRED,SIFNASTAVNIK,DATISPIT,OCJENA) values (1441,99,122,'2005-06-01',4);
Insert into ISPIT (MBRSTUD,SIFPRED,SIFNASTAVNIK,DATISPIT,OCJENA) values (1490,609,146,'2005-01-14',4);
Insert into ISPIT (MBRSTUD,SIFPRED,SIFNASTAVNIK,DATISPIT,OCJENA) values (1230,37,166,'2005-05-20',4);
Insert into ISPIT (MBRSTUD,SIFPRED,SIFNASTAVNIK,DATISPIT,OCJENA) values (1331,370,232,'2005-06-08',4);
Insert into ISPIT (MBRSTUD,SIFPRED,SIFNASTAVNIK,DATISPIT,OCJENA) values (1386,259,244,'2004-08-26',4);
Insert into ISPIT (MBRSTUD,SIFPRED,SIFNASTAVNIK,DATISPIT,OCJENA) values (1441,265,277,'2004-10-21',5);
Insert into ISPIT (MBRSTUD,SIFPRED,SIFNASTAVNIK,DATISPIT,OCJENA) values (1230,650,334,'2004-09-17',5);
Insert into ISPIT (MBRSTUD,SIFPRED,SIFNASTAVNIK,DATISPIT,OCJENA) values (1331,489,371,'2005-06-14',5);
Insert into ISPIT (MBRSTUD,SIFPRED,SIFNASTAVNIK,DATISPIT,OCJENA) values (1386,209,391,'2004-12-24',2);
Insert into ISPIT (MBRSTUD,SIFPRED,SIFNASTAVNIK,DATISPIT,OCJENA) values (1490,367,420,'2004-08-25',2);
Insert into ISPIT (MBRSTUD,SIFPRED,SIFNASTAVNIK,DATISPIT,OCJENA) values (1172,98,456,'2005-05-30',2);
Insert into ISPIT (MBRSTUD,SIFPRED,SIFNASTAVNIK,DATISPIT,OCJENA) values (1230,378,469,'2004-05-13',3);
Insert into ISPIT (MBRSTUD,SIFPRED,SIFNASTAVNIK,DATISPIT,OCJENA) values (1331,264,501,'2005-04-21',3);
Insert into ISPIT (MBRSTUD,SIFPRED,SIFNASTAVNIK,DATISPIT,OCJENA) values (1133,104,256,'2004-12-24',4);
Insert into ISPIT (MBRSTUD,SIFPRED,SIFNASTAVNIK,DATISPIT,OCJENA) values (1173,576,436,'2005-06-14',5);
Insert into ISPIT (MBRSTUD,SIFPRED,SIFNASTAVNIK,DATISPIT,OCJENA) values (1307,305,514,'2005-01-27',2);


Insert into REZERVACIJA (OZNDVORANA,OZNVRSTADAN,SAT,SIFPRED) values ('B1','PO',15,393);
Insert into REZERVACIJA (OZNDVORANA,OZNVRSTADAN,SAT,SIFPRED) values ('B1','PO',9,393);
Insert into REZERVACIJA (OZNDVORANA,OZNVRSTADAN,SAT,SIFPRED) values ('B2','PO',14,393);
Insert into REZERVACIJA (OZNDVORANA,OZNVRSTADAN,SAT,SIFPRED) values ('B2','PO',17,393);
Insert into REZERVACIJA (OZNDVORANA,OZNVRSTADAN,SAT,SIFPRED) values ('B3','PO',18,393);
Insert into REZERVACIJA (OZNDVORANA,OZNVRSTADAN,SAT,SIFPRED) values ('B3','PO',14,393);
Insert into REZERVACIJA (OZNDVORANA,OZNVRSTADAN,SAT,SIFPRED) values ('B1','SR',15,393);
Insert into REZERVACIJA (OZNDVORANA,OZNVRSTADAN,SAT,SIFPRED) values ('B2','SR',16,393);
Insert into REZERVACIJA (OZNDVORANA,OZNVRSTADAN,SAT,SIFPRED) values ('B3','SR',17,393);
Insert into REZERVACIJA (OZNDVORANA,OZNVRSTADAN,SAT,SIFPRED) values ('A101','PO',8,104);
Insert into REZERVACIJA (OZNDVORANA,OZNVRSTADAN,SAT,SIFPRED) values ('A101','PO',5,104);
Insert into REZERVACIJA (OZNDVORANA,OZNVRSTADAN,SAT,SIFPRED) values ('A101','PO',11,104);
Insert into REZERVACIJA (OZNDVORANA,OZNVRSTADAN,SAT,SIFPRED) values ('A101','PO',19,104);
Insert into REZERVACIJA (OZNDVORANA,OZNVRSTADAN,SAT,SIFPRED) values ('A101','PO',10,104);
Insert into REZERVACIJA (OZNDVORANA,OZNVRSTADAN,SAT,SIFPRED) values ('A101','UT',20,104);
Insert into REZERVACIJA (OZNDVORANA,OZNVRSTADAN,SAT,SIFPRED) values ('A101','UT',10,104);
Insert into REZERVACIJA (OZNDVORANA,OZNVRSTADAN,SAT,SIFPRED) values ('A101','UT',12,104);
Insert into REZERVACIJA (OZNDVORANA,OZNVRSTADAN,SAT,SIFPRED) values ('A101','UT',14,104);
Insert into REZERVACIJA (OZNDVORANA,OZNVRSTADAN,SAT,SIFPRED) values ('A102','CE',13,343);
Insert into REZERVACIJA (OZNDVORANA,OZNVRSTADAN,SAT,SIFPRED) values ('A101','CE',12,343);
Insert into REZERVACIJA (OZNDVORANA,OZNVRSTADAN,SAT,SIFPRED) values ('A209','CE',14,641);
Insert into REZERVACIJA (OZNDVORANA,OZNVRSTADAN,SAT,SIFPRED) values ('A210','CE',20,641);
Insert into REZERVACIJA (OZNDVORANA,OZNVRSTADAN,SAT,SIFPRED) values ('A209','PE',14,641);
Insert into REZERVACIJA (OZNDVORANA,OZNVRSTADAN,SAT,SIFPRED) values ('A210','PE',15,641);
Insert into REZERVACIJA (OZNDVORANA,OZNVRSTADAN,SAT,SIFPRED) values ('A204','SR',11,107);
Insert into REZERVACIJA (OZNDVORANA,OZNVRSTADAN,SAT,SIFPRED) values ('A204','SR',15,107);
Insert into REZERVACIJA (OZNDVORANA,OZNVRSTADAN,SAT,SIFPRED) values ('A205','SR',18,107);
Insert into REZERVACIJA (OZNDVORANA,OZNVRSTADAN,SAT,SIFPRED) values ('A205','SR',16,107);
Insert into REZERVACIJA (OZNDVORANA,OZNVRSTADAN,SAT,SIFPRED) values ('B1','CE',10,425);
Insert into REZERVACIJA (OZNDVORANA,OZNVRSTADAN,SAT,SIFPRED) values ('A101','CE',17,425);
Insert into REZERVACIJA (OZNDVORANA,OZNVRSTADAN,SAT,SIFPRED) values ('B1','PO',10,305);
Insert into REZERVACIJA (OZNDVORANA,OZNVRSTADAN,SAT,SIFPRED) values ('B1','PO',12,304);
Insert into REZERVACIJA (OZNDVORANA,OZNVRSTADAN,SAT,SIFPRED) values ('B2','PO',13,288);
Insert into REZERVACIJA (OZNDVORANA,OZNVRSTADAN,SAT,SIFPRED) values ('B3','PO',19,286);
Insert into REZERVACIJA (OZNDVORANA,OZNVRSTADAN,SAT,SIFPRED) values ('B3','PO',15,285);
Insert into REZERVACIJA (OZNDVORANA,OZNVRSTADAN,SAT,SIFPRED) values ('B1','SR',11,284);
Insert into REZERVACIJA (OZNDVORANA,OZNVRSTADAN,SAT,SIFPRED) values ('B2','SR',14,282);
Insert into REZERVACIJA (OZNDVORANA,OZNVRSTADAN,SAT,SIFPRED) values ('B3','SR',13,278);
Insert into REZERVACIJA (OZNDVORANA,OZNVRSTADAN,SAT,SIFPRED) values ('A101','PO',14,267);
Insert into REZERVACIJA (OZNDVORANA,OZNVRSTADAN,SAT,SIFPRED) values ('A101','PO',17,266);
Insert into REZERVACIJA (OZNDVORANA,OZNVRSTADAN,SAT,SIFPRED) values ('A101','UT',15,265);
Insert into REZERVACIJA (OZNDVORANA,OZNVRSTADAN,SAT,SIFPRED) values ('A101','UT',16,262);
Insert into REZERVACIJA (OZNDVORANA,OZNVRSTADAN,SAT,SIFPRED) values ('A101','UT',6,259);
Insert into REZERVACIJA (OZNDVORANA,OZNVRSTADAN,SAT,SIFPRED) values ('A102','CE',11,258);
Insert into REZERVACIJA (OZNDVORANA,OZNVRSTADAN,SAT,SIFPRED) values ('A101','CE',18,256);
Insert into REZERVACIJA (OZNDVORANA,OZNVRSTADAN,SAT,SIFPRED) values ('A210','CE',17,253);
Insert into REZERVACIJA (OZNDVORANA,OZNVRSTADAN,SAT,SIFPRED) values ('A204','SR',17,36);
Insert into REZERVACIJA (OZNDVORANA,OZNVRSTADAN,SAT,SIFPRED) values ('A204','SR',16,39);
Insert into REZERVACIJA (OZNDVORANA,OZNVRSTADAN,SAT,SIFPRED) values ('B1','CE',11,53);
Insert into REZERVACIJA (OZNDVORANA,OZNVRSTADAN,SAT,SIFPRED) values ('A101','CE',15,56);
Insert into REZERVACIJA (OZNDVORANA,OZNVRSTADAN,SAT,SIFPRED) values ('B2','PO',15,68);
Insert into REZERVACIJA (OZNDVORANA,OZNVRSTADAN,SAT,SIFPRED) values ('B3','PO',12,70);
Insert into REZERVACIJA (OZNDVORANA,OZNVRSTADAN,SAT,SIFPRED) values ('B1','SR',14,76);
Insert into REZERVACIJA (OZNDVORANA,OZNVRSTADAN,SAT,SIFPRED) values ('B3','SR',15,101);
Insert into REZERVACIJA (OZNDVORANA,OZNVRSTADAN,SAT,SIFPRED) values ('A101','PO',9,102);
Insert into REZERVACIJA (OZNDVORANA,OZNVRSTADAN,SAT,SIFPRED) values ('A101','PO',18,103);
Insert into REZERVACIJA (OZNDVORANA,OZNVRSTADAN,SAT,SIFPRED) values ('A101','UT',4,143);
Insert into REZERVACIJA (OZNDVORANA,OZNVRSTADAN,SAT,SIFPRED) values ('A101','UT',9,384);
Insert into REZERVACIJA (OZNDVORANA,OZNVRSTADAN,SAT,SIFPRED) values ('A101','CE',13,390);
Insert into REZERVACIJA (OZNDVORANA,OZNVRSTADAN,SAT,SIFPRED) values ('B1','PO',16,370);
Insert into REZERVACIJA (OZNDVORANA,OZNVRSTADAN,SAT,SIFPRED) values ('B1','PO',14,371);
Insert into REZERVACIJA (OZNDVORANA,OZNVRSTADAN,SAT,SIFPRED) values ('B2','PO',16,372);
Insert into REZERVACIJA (OZNDVORANA,OZNVRSTADAN,SAT,SIFPRED) values ('B1','PO',11,576);
Insert into REZERVACIJA (OZNDVORANA,OZNVRSTADAN,SAT,SIFPRED) values ('B2','PO',11,589);
Insert into REZERVACIJA (OZNDVORANA,OZNVRSTADAN,SAT,SIFPRED) values ('B3','PO',11,590);
Insert into REZERVACIJA (OZNDVORANA,OZNVRSTADAN,SAT,SIFPRED) values ('B3','PO',20,594);
Insert into REZERVACIJA (OZNDVORANA,OZNVRSTADAN,SAT,SIFPRED) values ('B2','SR',12,596);
Insert into REZERVACIJA (OZNDVORANA,OZNVRSTADAN,SAT,SIFPRED) values ('A101','UT',18,607);
Insert into REZERVACIJA (OZNDVORANA,OZNVRSTADAN,SAT,SIFPRED) values ('A102','CE',20,611);
Insert into REZERVACIJA (OZNDVORANA,OZNVRSTADAN,SAT,SIFPRED) values ('A210','PE',16,621);
Insert into REZERVACIJA (OZNDVORANA,OZNVRSTADAN,SAT,SIFPRED) values ('A204','SR',18,627);
Insert into REZERVACIJA (OZNDVORANA,OZNVRSTADAN,SAT,SIFPRED) values ('A205','SR',10,643);
Insert into REZERVACIJA (OZNDVORANA,OZNVRSTADAN,SAT,SIFPRED) values ('B1','CE',20,636);
Insert into REZERVACIJA (OZNDVORANA,OZNVRSTADAN,SAT,SIFPRED) values ('B1','PO',8,652);
Insert into REZERVACIJA (OZNDVORANA,OZNVRSTADAN,SAT,SIFPRED) values ('B2','PO',9,653);
Insert into REZERVACIJA (OZNDVORANA,OZNVRSTADAN,SAT,SIFPRED) values ('B3','PO',9,654);
Insert into REZERVACIJA (OZNDVORANA,OZNVRSTADAN,SAT,SIFPRED) values ('B2','SR',13,658);
Insert into REZERVACIJA (OZNDVORANA,OZNVRSTADAN,SAT,SIFPRED) values ('B3','SR',14,662);
Insert into REZERVACIJA (OZNDVORANA,OZNVRSTADAN,SAT,SIFPRED) values ('A101','PO',15,669);
Insert into REZERVACIJA (OZNDVORANA,OZNVRSTADAN,SAT,SIFPRED) values ('A101','PO',20,301);
Insert into REZERVACIJA (OZNDVORANA,OZNVRSTADAN,SAT,SIFPRED) values ('A101','UT',19,37);
Insert into REZERVACIJA (OZNDVORANA,OZNVRSTADAN,SAT,SIFPRED) values ('A102','CE',12,392);
Insert into REZERVACIJA (OZNDVORANA,OZNVRSTADAN,SAT,SIFPRED) values ('A204','SR',7,515);
Insert into REZERVACIJA (OZNDVORANA,OZNVRSTADAN,SAT,SIFPRED) values ('A204','SR',8,99);
Insert into REZERVACIJA (OZNDVORANA,OZNVRSTADAN,SAT,SIFPRED) values ('B1','CE',19,181);
Insert into REZERVACIJA (OZNDVORANA,OZNVRSTADAN,SAT,SIFPRED) values ('B2','PO',10,489);
Insert into REZERVACIJA (OZNDVORANA,OZNVRSTADAN,SAT,SIFPRED) values ('B1','SR',17,166);
Insert into REZERVACIJA (OZNDVORANA,OZNVRSTADAN,SAT,SIFPRED) values ('B3','SR',11,650);
Insert into REZERVACIJA (OZNDVORANA,OZNVRSTADAN,SAT,SIFPRED) values ('A111','SR',14,589);

-- Down

